0.22911,0.74899,0.46617,0.7044,0.75427,0.40472,1.6416,0.7044,0.85102,5.6824,0.30589,0.4274,0.22913,0.74823,0.44014,0.71402,0.75626,0.40316,1.6402,0.71402,0.7997,5.1902,0.30298,0.43173,0.22941,0.74801,0.44793,0.71203,0.75657,0.40321,1.6401,0.71203,0.83188,5.5204,0.30309,0.43153,0.22895,0.74845,0.43238,0.71769,0.75715,0.40321,1.6396,0.71769,0.79735,5.1555,0.30116,0.43391,0.22904,0.74874,0.45182,0.70905,0.75507,0.40395,1.6411,0.70905,0.82858,5.4231,0.3039,0.43107,0.22943,0.74837,0.46059,0.70668,0.75538,0.40395,1.641,0.70668,0.85856,5.7323,0.30432,0.43025,0.22881,0.74899,0.44127,0.71361,0.75595,0.40397,1.6404,0.71361,0.81368,5.2458,0.30204,0.43324,0.2293,0.74778,0.43028,0.71768,0.75747,0.40234,1.6394,0.71768,0.80143,5.1733,0.30076,0.43562,0.22818,0.75015,0.45069,0.70875,0.75419,0.40517,1.6408,0.70875,0.8256,5.3369,0.30312,0.43116,0.22916,0.74786,0.42708,0.71816,0.75709,0.40232,1.6396,0.71816,0.78319,5.0032,0.30105,0.43529,0.22787,0.7504,0.43899,0.71314,0.75467,0.40517,1.6405,0.71314,0.79738,5.0548,0.30179,0.43264,0.22892,0.74811,0.41657,0.72275,0.75803,0.40236,1.6389,0.72275,0.77327,4.896,0.29901,0.43765,0.22789,0.75039,0.44431,0.71038,0.75391,0.40516,1.6409,0.71038,0.80489,5.14,0.30284,0.43164,0.87669,0.30934,56
0.27137,0.78435,0.69486,0.8308,0.63995,0.77031,1.881,0.8308,5.3938,38.891,0.45045,0.23564,0.2604,0.79946,0.63051,0.88462,0.64532,0.77324,1.8725,0.88462,5.1726,36.824,0.43547,0.26211,0.26276,0.798,0.62035,0.90727,0.64382,0.7809,1.872,0.90727,5.1364,36.608,0.43791,0.25229,0.25747,0.80845,0.58477,0.967,0.64046,0.79978,1.8788,0.967,5.1872,36.849,0.43338,0.25819,0.26709,0.78878,0.70693,0.85413,0.63814,0.77007,1.8788,0.85413,5.4015,38.751,0.44605,0.24797,0.27022,0.78537,0.70136,0.87041,0.63735,0.77384,1.8757,0.87041,5.3286,38.287,0.44865,0.23822,0.26448,0.79588,0.6669,0.92462,0.63485,0.78916,1.8799,0.92462,5.3507,38.338,0.44304,0.24609,0.2665,0.7908,0.65997,0.88996,0.64042,0.77888,1.8736,0.88996,5.2628,37.605,0.44332,0.24176,0.26065,0.79483,0.69408,0.92198,0.6373,0.77488,1.8719,0.92198,5.2434,37.353,0.43745,0.26248,0.26427,0.79249,0.67002,0.8674,0.64174,0.7718,1.8747,0.8674,5.301,37.821,0.44126,0.25073,0.25683,0.80188,0.66647,0.96762,0.63514,0.7876,1.8746,0.96762,5.2554,37.361,0.43349,0.26658,0.26199,0.80013,0.62716,0.94468,0.63751,0.79593,1.8791,0.94468,5.2943,37.733,0.43929,0.24673,0.25927,0.79603,0.70328,0.90182,0.63787,0.77044,1.8755,0.90182,5.3052,37.746,0.43672,0.26942,0.77571,0.21017,250
0.4989,0.47959,2.5949,0.19497,0.57024,0.23432,1.8458,0.19497,0.47595,7.8035,0.68519,0.17694,0.49575,0.48514,2.4427,0.21268,0.56885,0.23085,1.8476,0.21268,0.33984,6.1248,0.68313,0.18632,0.50093,0.47931,2.5912,0.19394,0.57163,0.23386,1.8465,0.19394,0.45854,7.6982,0.68727,0.17456,0.49832,0.48488,2.4766,0.205,0.57346,0.23331,1.8463,0.205,0.32285,6.1103,0.68574,0.17771,0.50006,0.4789,2.5862,0.19697,0.56944,0.23247,1.8469,0.19697,0.44172,7.2574,0.68623,0.178,0.5051,0.4716,2.7412,0.17591,0.57295,0.23692,1.8446,0.17591,0.59612,9.4258,0.68996,0.16326,0.49593,0.4858,2.5183,0.19914,0.57516,0.23699,1.8438,0.19914,0.40195,7.0223,0.68347,0.17551,0.49954,0.48103,2.5562,0.19785,0.57173,0.23379,1.8462,0.19785,0.41851,7.2018,0.68617,0.17628,0.50031,0.48068,2.5561,0.19901,0.57118,0.23131,1.8467,0.19901,0.38031,6.7235,0.68691,0.17753,0.49581,0.48513,2.4374,0.21333,0.56876,0.23088,1.8477,0.21333,0.33318,5.9748,0.68317,0.1864,0.49412,0.48926,2.4071,0.21298,0.57378,0.23218,1.8453,0.21298,0.27018,5.5473,0.68248,0.18325,0.49623,0.48714,2.4272,0.21041,0.5737,0.23338,1.8457,0.21041,0.28026,5.7086,0.68408,0.17978,0.50005,0.48115,2.4788,0.21029,0.56782,0.22727,1.8488,0.21029,0.28032,5.4862,0.68661,0.18405,0.66728,0.13,258
0.047607,1.4823,0.085398,0.6295,0.20237,11.389,6.9624,0.6295,48.694,3978.4,0.095763,0.24231,0.036841,1.5667,0.085438,0.84277,0.19582,11.314,7.0063,0.84277,45.888,3890.3,0.077181,0.35982,0.038626,1.5345,0.08591,0.83668,0.19412,11.282,7.0123,0.83668,45.433,3886.4,0.079112,0.37092,0.036981,1.5495,0.085905,0.96419,0.19183,11.254,7.0242,0.96419,43.853,3846.7,0.07392,0.4311,0.041374,1.54,0.08525,0.77218,0.20185,11.332,6.9696,0.77218,45.426,3908.1,0.090577,0.31485,0.049544,1.4729,0.085583,0.65096,0.20091,11.352,6.9676,0.65096,47.111,3954.8,0.099763,0.22811,0.046017,1.4999,0.085157,0.70798,0.19957,11.388,6.969,0.70798,47.397,3962.3,0.09464,0.25808,0.036812,1.5705,0.085269,0.91024,0.19537,11.307,7.0018,0.91024,43.608,3875.4,0.078521,0.36217,0.038765,1.5462,0.085671,0.85515,0.20301,11.254,6.9776,0.85515,44.991,3859.9,0.084039,0.37868,0.034498,1.6026,0.084833,0.94243,0.1969,11.326,6.9983,0.94243,43.546,3869.8,0.075742,0.37087,0.038798,1.5557,0.085323,0.82985,0.20176,11.3,6.9744,0.82985,46.698,3886.3,0.084039,0.34739,0.035666,1.5751,0.085272,1.0063,0.1933,11.288,7.0089,1.0063,42.993,3848.2,0.074253,0.40544,0.036451,1.5734,0.085503,0.99134,0.20404,11.227,6.982,0.99134,42.429,3812.4,0.078848,0.42829,0.7025,0.11261,266
0.50347,0.46482,2.2982,0.21713,0.86556,0.25715,1.2622,0.21713,1.7305,11.029,0.68674,0.15503,0.49733,0.4733,2.1027,0.24213,0.86813,0.25523,1.2587,0.24213,1.5566,8.6619,0.68314,0.16933,0.50483,0.46399,2.2911,0.21779,0.8668,0.2559,1.2599,0.21779,1.7291,10.644,0.68813,0.15655,0.49917,0.47077,2.1478,0.23744,0.86685,0.25334,1.2571,0.23744,1.5791,8.941,0.68446,0.16984,0.50264,0.46646,2.2419,0.22612,0.86522,0.25588,1.2601,0.22612,1.664,10.051,0.68645,0.15948,0.50981,0.45639,2.4168,0.2036,0.86401,0.25623,1.2609,0.2036,1.833,12.115,0.69102,0.14727,0.50071,0.46796,2.1911,0.23477,0.86482,0.25116,1.2561,0.23477,1.5675,9.0507,0.68528,0.16861,0.503,0.46625,2.2339,0.22661,0.86615,0.25492,1.2585,0.22661,1.672,10.012,0.68694,0.16131,0.50028,0.46875,2.1647,0.23894,0.86493,0.25169,1.2558,0.23894,1.555,8.6144,0.68506,0.16967,0.49853,0.4721,2.1047,0.243,0.86718,0.25469,1.258,0.243,1.5453,8.5562,0.684,0.16852,0.49751,0.47179,2.0246,0.25724,0.8658,0.24666,1.2509,0.25724,1.388,7.0651,0.68334,0.18083,0.49628,0.47384,2.0681,0.24886,0.86613,0.2524,1.2558,0.24886,1.5129,8.2874,0.68232,0.17609,0.49558,0.47451,2.0592,0.25138,0.86533,0.25339,1.2571,0.25138,1.4815,7.7332,0.68166,0.17444,0.89968,0.3009,131
0.9103,0.11416,11.312,0.038319,0.98324,0.060466,1.0403,0.038319,0.92409,7.5805,0.95379,0.027335,0.90484,0.1208,9.4532,0.051566,0.98337,0.061762,1.0407,0.051566,0.82641,6.1124,0.9509,0.032485,0.90667,0.11788,10.943,0.039847,0.98314,0.062344,1.0416,0.039847,0.98524,8.9447,0.95186,0.02885,0.89921,0.12604,8.9609,0.055271,0.9834,0.062133,1.0417,0.055271,0.79811,5.8558,0.94788,0.036106,0.9077,0.11784,9.9118,0.048774,0.98335,0.05975,1.0397,0.048774,0.79697,5.895,0.95243,0.030434,0.90902,0.11539,11.391,0.037521,0.98313,0.060713,1.0407,0.037521,0.97644,9.2279,0.95311,0.027679,0.90232,0.12319,9.1552,0.054066,0.98346,0.060548,1.0407,0.054066,0.77581,5.8548,0.94955,0.033794,0.90479,0.12065,9.9291,0.047933,0.98323,0.061668,1.041,0.047933,0.88502,7.4489,0.95087,0.031422,0.90286,0.123,8.8848,0.055944,0.98315,0.060846,1.0405,0.055944,0.77421,6.006,0.94984,0.033568,0.90501,0.12111,8.8846,0.055952,0.98342,0.06111,1.0402,0.055952,0.76395,5.3538,0.95099,0.032517,0.89908,0.12676,7.4772,0.066343,0.98358,0.060582,1.0404,0.066343,0.66038,4.3921,0.94781,0.037112,0.89803,0.12768,8.0889,0.061928,0.98338,0.061671,1.0413,0.061928,0.72713,5.0968,0.94725,0.037051,0.90235,0.12379,7.9481,0.062804,0.98319,0.060041,1.0398,0.062804,0.6714,4.396,0.94958,0.03485,0.81406,0.26582,544
0.43522,0.4768,2.0662,0.10588,0.67992,0.42375,1.6779,0.10588,4.4823,60.988,0.5486,0.061407,0.42071,0.49812,1.951,0.15175,0.69074,0.42014,1.664,0.15175,3.6812,46.872,0.53078,0.07619,0.4264,0.48654,2.051,0.11191,0.69244,0.42329,1.6664,0.11191,4.6032,65.881,0.53574,0.068377,0.41061,0.51228,1.8977,0.16794,0.69458,0.423,1.6671,0.16794,3.7556,47.457,0.52564,0.089241,0.42306,0.49629,1.9342,0.15022,0.6794,0.42637,1.6741,0.15022,3.9448,49.783,0.53765,0.075939,0.4358,0.47439,2.0728,0.095256,0.68153,0.42897,1.6758,0.095256,4.941,70.506,0.54632,0.059113,0.4206,0.50095,1.9344,0.15285,0.68522,0.424,1.6723,0.15285,3.7832,47.563,0.53498,0.077077,0.42317,0.49422,1.9779,0.13687,0.69062,0.42403,1.6653,0.13687,4.1266,55.399,0.53257,0.072398,0.41078,0.50925,1.8867,0.16996,0.68379,0.42463,1.6593,0.16996,3.7784,48.826,0.51987,0.085714,0.41927,0.50137,1.896,0.16924,0.68883,0.42165,1.6631,0.16924,3.4082,41.201,0.52892,0.078111,0.40721,0.51586,1.8248,0.1964,0.68787,0.42051,1.655,0.1964,3.0872,35.974,0.51528,0.090282,0.40817,0.51827,1.8376,0.18804,0.69237,0.42397,1.667,0.18804,3.395,40.654,0.52351,0.091634,0.40097,0.52458,1.7758,0.21119,0.67945,0.42452,1.6628,0.21119,3.2275,37.803,0.51567,0.10054,0.86884,0.25535,551
0.74122,0.24172,5.4042,0.049522,0.93005,0.15619,1.1393,0.049522,2.0328,19.124,0.85386,0.036004,0.74542,0.24298,5.2821,0.062925,0.93332,0.15011,1.1331,0.062925,1.7483,14.126,0.85722,0.040831,0.74645,0.23843,5.5189,0.047675,0.93329,0.1531,1.136,0.047675,2.0284,19.039,0.85727,0.035119,0.74027,0.24926,5.1299,0.065775,0.9349,0.15305,1.1354,0.065775,1.8095,15.177,0.85413,0.043038,0.74564,0.2416,5.3203,0.060698,0.93194,0.15086,1.1337,0.060698,1.8029,15.347,0.85721,0.039691,0.7484,0.2346,5.5749,0.043365,0.93181,0.1545,1.1368,0.043365,2.1188,20.969,0.85821,0.032335,0.74443,0.245,5.1958,0.064061,0.93428,0.15197,1.1342,0.064061,1.7695,14.497,0.8566,0.040454,0.74884,0.2386,5.4092,0.056017,0.9339,0.15079,1.1332,0.056017,1.8753,16.412,0.85908,0.037028,0.7537,0.23846,5.3417,0.065423,0.93596,0.14555,1.1272,0.065423,1.7066,13.775,0.86269,0.041287,0.7486,0.24113,5.2505,0.067293,0.93382,0.14776,1.1305,0.067293,1.6533,12.754,0.85934,0.041212,0.75538,0.24022,5.1551,0.075498,0.93866,0.14282,1.1242,0.075498,1.5109,10.608,0.8641,0.04417,0.74259,0.24873,5.0342,0.072372,0.93518,0.15112,1.1332,0.072372,1.6575,12.39,0.85576,0.043884,0.74854,0.24468,5.089,0.077128,0.93461,0.14519,1.1272,0.077128,1.5499,11.273,0.85981,0.046581,0.797,0.18128,559
0.11996,1.1074,0.23632,0.28913,0.28825,4.0852,4.5102,0.28913,9.4859,471.09,0.24053,0.19863,0.10848,1.1624,0.23051,0.4746,0.28078,4.0984,4.5205,0.4746,7.9947,448.43,0.23245,0.2715,0.11718,1.1172,0.23583,0.31947,0.28316,4.0798,4.4936,0.31947,9.9255,466.7,0.23264,0.21104,0.1088,1.1559,0.23435,0.40679,0.28282,4.0603,4.4904,0.40679,8.0387,419.71,0.22239,0.2513,0.11427,1.1225,0.23565,0.33898,0.28291,4.0756,4.5444,0.33898,5.5552,442.86,0.23243,0.22988,0.13464,1.0309,0.24044,0.15537,0.2886,4.0819,4.4768,0.15537,11.309,494.48,0.24943,0.13509,0.11811,1.1212,0.23546,0.32653,0.28993,4.0798,4.4496,0.32653,11.521,456.54,0.24194,0.21475,0.11035,1.134,0.23416,0.38391,0.28077,4.084,4.4844,0.38391,9.9709,460.16,0.22681,0.2515,0.11819,1.1248,0.23478,0.35098,0.29467,4.0769,4.4792,0.35098,8.7288,443.66,0.23546,0.20948,0.10372,1.1686,0.23141,0.51423,0.27585,4.0727,4.5454,0.51423,5.1503,425.34,0.22445,0.30672,0.11164,1.1616,0.23054,0.48747,0.29639,4.0825,4.4483,0.48747,9.9763,429.23,0.23839,0.25947,0.10705,1.1616,0.23191,0.44938,0.28297,4.0876,4.4509,0.44938,10.888,434.87,0.22251,0.27002,0.10839,1.1593,0.23341,0.42937,0.28973,4.0628,4.5313,0.42937,4.5557,406.91,0.21953,0.25155,0.60059,0.073449,79
0.20151,0.93322,0.55781,0.40682,0.44532,1.5593,2.7819,0.40682,17.968,242.28,0.33914,0.17858,0.18554,0.98461,0.51739,0.60513,0.43686,1.5581,2.8075,0.60513,15.342,200.02,0.32835,0.20987,0.20516,0.92325,0.56799,0.36987,0.43625,1.551,2.8,0.36987,18.684,257.97,0.34519,0.17013,0.18437,0.98917,0.51422,0.62725,0.43248,1.5533,2.8074,0.62725,15.244,200.62,0.32707,0.21296,0.19947,0.94154,0.54718,0.46441,0.44167,1.5549,2.7867,0.46441,17.052,227.21,0.33699,0.18557,0.23014,0.83937,0.6061,0.18405,0.4423,1.5529,2.7769,0.18405,20.971,296.76,0.36354,0.12301,0.19219,0.96031,0.53958,0.51408,0.43809,1.5483,2.7868,0.51408,15.909,208.16,0.33102,0.19787,0.19855,0.94092,0.55345,0.4416,0.43491,1.5516,2.7974,0.4416,17.261,231.24,0.33823,0.18435,0.19752,0.94853,0.54542,0.48011,0.43789,1.5506,2.8067,0.48011,17.232,233.04,0.33839,0.18517,0.18512,0.9846,0.51224,0.63248,0.43586,1.5563,2.8017,0.63248,14.808,192.26,0.3257,0.20757,0.17943,1.0013,0.50019,0.6953,0.43539,1.5556,2.8111,0.6953,14.086,179.92,0.3216,0.22029,0.18014,0.99934,0.50508,0.68934,0.43059,1.5423,2.806,0.68934,13.601,175.12,0.32221,0.21863,0.18195,0.99789,0.50007,0.69309,0.43851,1.5549,2.8132,0.69309,14.624,191,0.32533,0.21758,0.71173,0.13052,652
0.14896,1.0364,0.34057,0.53248,0.43644,2.6422,3.3245,0.53248,8.2057,392.63,0.28211,0.20284,0.1384,1.0621,0.32781,0.66144,0.43131,2.6735,3.3329,0.66144,7.9277,389.84,0.26286,0.23094,0.14638,1.0389,0.33476,0.52585,0.42738,2.6967,3.321,0.52585,12.457,474.74,0.27491,0.20701,0.12866,1.1131,0.30636,0.99293,0.42025,2.6602,3.3259,0.99293,2.6237,294.2,0.25745,0.2636,0.149,1.0229,0.35173,0.50929,0.42878,2.5632,3.3064,0.50929,6.142,365.82,0.27775,0.21421,0.16794,0.9442,0.36811,0.20907,0.4273,2.6163,3.2831,0.20907,16.018,556.43,0.30046,0.17067,0.13776,1.0697,0.33272,0.71033,0.41725,2.6171,3.3037,0.71033,6.9216,361.12,0.27006,0.25068,0.13883,1.0629,0.32817,0.64261,0.42128,2.6999,3.3072,0.64261,12.453,468.79,0.26774,0.24158,0.14265,1.0405,0.34083,0.55248,0.42942,2.6313,3.2914,0.55248,10.699,442.83,0.26559,0.22554,0.13944,1.0584,0.33061,0.67691,0.42471,2.6438,3.3169,0.67691,7.0353,373.98,0.26441,0.23739,0.13185,1.0811,0.32843,0.74659,0.42076,2.6257,3.3035,0.74659,6.7548,358.72,0.25525,0.26041,0.12264,1.1334,0.29465,1.1816,0.41245,2.6746,3.3208,1.1816,2.8964,296.52,0.25051,0.28681,0.12957,1.0966,0.31554,0.92437,0.4315,2.6088,3.3163,0.92437,1.7109,285.9,0.2523,0.26791,0.66631,0.076498,660
0.28114,0.69197,1.2474,0.10412,0.1952,0.74624,5.296,0.10412,-1.3023,30.485,0.39438,0.097339,0.27125,0.71176,1.252,0.13116,0.19529,0.72832,5.299,0.13116,-1.3941,25.925,0.38937,0.1203,0.28665,0.67795,1.2714,0.094719,0.19519,0.73628,5.2947,0.094719,-1.441,28.044,0.39781,0.08739,0.27254,0.7106,1.2646,0.13126,0.19445,0.71864,5.2996,0.13126,-1.4326,24.22,0.39091,0.11995,0.27707,0.70084,1.2533,0.11502,0.19466,0.73635,5.2977,0.11502,-1.2985,29.477,0.39144,0.10771,0.29856,0.64697,1.2713,0.062891,0.19481,0.75403,5.2896,0.062891,-1.3025,34.56,0.40186,0.06132,0.27352,0.70764,1.2396,0.12288,0.19406,0.74053,5.2943,0.12288,-1.3783,28.135,0.38925,0.11269,0.28113,0.69157,1.2639,0.10845,0.19481,0.733,5.2947,0.10845,-1.4998,26.873,0.39405,0.098434,0.27993,0.69067,1.2695,0.10961,0.19386,0.72941,5.295,0.10961,-1.3651,27.315,0.39324,0.10204,0.2694,0.71653,1.2522,0.13758,0.19486,0.72409,5.2999,0.13758,-1.4078,25.804,0.3878,0.12515,0.26666,0.71911,1.2493,0.14235,0.19337,0.72384,5.2966,0.14235,-1.3845,24.795,0.38577,0.13024,0.26875,0.71888,1.2553,0.14097,0.19412,0.71855,5.2989,0.14097,-1.4854,23.463,0.38867,0.12683,0.27,0.71448,1.2682,0.13818,0.19378,0.7127,5.3011,0.13818,-1.3656,23.951,0.38862,0.12688,0.60041,0.051447,55
0.46362,0.50477,2.2116,0.10322,0.48242,0.39295,2.2362,0.10322,3.0284,35.402,0.63849,0.074859,0.4594,0.5167,2.1117,0.13971,0.48056,0.38851,2.2393,0.13971,2.6772,28.755,0.6377,0.085493,0.48505,0.4715,2.3428,0.077064,0.48174,0.38404,2.2365,0.077064,3.2338,40.76,0.65534,0.055813,0.45987,0.51762,2.1493,0.13313,0.48186,0.38528,2.2397,0.13313,2.9255,32.897,0.63852,0.08962,0.46955,0.4977,2.2728,0.10686,0.4801,0.37904,2.2339,0.10686,3.0006,35.735,0.64478,0.077058,0.49852,0.44621,2.4694,0.051371,0.48204,0.37777,2.2298,0.051371,3.3278,44.199,0.66451,0.04261,0.46482,0.51118,2.1544,0.13285,0.48226,0.3839,2.2342,0.13285,2.6598,28.762,0.64249,0.082798,0.48115,0.48228,2.2976,0.094462,0.4806,0.38158,2.2349,0.094462,3.1333,39.807,0.65428,0.064753,0.48753,0.4742,2.3332,0.099458,0.48027,0.37185,2.2325,0.099458,2.8956,33.913,0.66008,0.06342,0.46211,0.51288,2.1477,0.13796,0.4792,0.38247,2.2371,0.13796,2.7488,30.739,0.64074,0.087237,0.46352,0.5169,2.0782,0.16239,0.48093,0.37792,2.2355,0.16239,2.3484,23.161,0.64348,0.089925,0.45682,0.52605,2.0649,0.15621,0.48071,0.38641,2.2395,0.15621,2.6761,28.457,0.63745,0.094713,0.46521,0.5099,2.1986,0.13692,0.47803,0.37308,2.2377,0.13692,2.8232,31.272,0.64367,0.090544,0.61133,0.107,87
0.25565,0.8138,1.0365,0.23716,0.30402,0.8279,3.6274,0.23716,-1.3375,54.826,0.44367,0.20659,0.25366,0.82047,1.0284,0.2632,0.30356,0.81762,3.6388,0.2632,-1.4651,49.543,0.44106,0.21259,0.31272,0.69506,1.1441,0.11989,0.30082,0.80958,3.6606,0.11989,-0.99376,63.01,0.48587,0.091438,0.25034,0.82335,1.0396,0.27742,0.30264,0.79596,3.6412,0.27742,-1.6782,45.034,0.43974,0.22651,0.25841,0.80715,1.0662,0.24556,0.30007,0.79594,3.6524,0.24556,-1.0801,49.45,0.44564,0.20459,0.32614,0.666,1.1825,0.080633,0.29884,0.80352,3.6672,0.080633,-0.23124,72.146,0.49608,0.070704,0.25334,0.82012,1.0508,0.26056,0.30126,0.79624,3.6432,0.26056,-1.1883,48.323,0.44257,0.22193,0.30378,0.71908,1.142,0.14846,0.30035,0.79461,3.6652,0.14846,-1.1079,56.738,0.48087,0.11331,0.31002,0.7048,1.159,0.14293,0.29564,0.78452,3.6768,0.14293,-0.85014,56.678,0.48484,0.1023,0.25656,0.81329,1.0492,0.26394,0.30177,0.79927,3.6519,0.26394,-1.3752,46.318,0.44375,0.20821,0.25235,0.82431,1.0429,0.28061,0.2984,0.78884,3.6521,0.28061,-1.2525,44.442,0.44058,0.22469,0.24656,0.83277,1.0373,0.29472,0.30273,0.78368,3.6418,0.29472,-1.7703,41.157,0.43709,0.23897,0.2538,0.81597,1.0609,0.28067,0.29709,0.77459,3.66,0.28067,-1.397,42.158,0.4424,0.2205,0.54755,0.080416,110
0.15734,1.0495,0.39523,0.47662,0.35344,2.2647,3.4894,0.47662,32.601,561.33,0.25831,0.20874,0.14342,1.0952,0.36772,0.69047,0.35292,2.3141,3.4938,0.69047,30.312,512.08,0.24548,0.23833,0.17481,0.98811,0.40265,0.39,0.35261,2.2705,3.4916,0.39,33.991,596.07,0.27503,0.15661,0.14377,1.0968,0.36844,0.70504,0.35479,2.3001,3.4874,0.70504,29.967,493.85,0.2462,0.24378,0.15262,1.0652,0.38645,0.55079,0.34936,2.2805,3.4997,0.55079,32.105,538.87,0.25463,0.22331,0.18521,0.95322,0.41656,0.25185,0.34962,2.2685,3.5008,0.25185,36.661,649.36,0.28182,0.14049,0.14644,1.0909,0.36739,0.68375,0.35168,2.3212,3.5006,0.68375,30.948,516.01,0.24935,0.23929,0.16155,1.0338,0.38773,0.51229,0.35204,2.2913,3.4857,0.51229,31.625,541.5,0.26188,0.19302,0.1628,1.0348,0.38088,0.54997,0.35095,2.3173,3.5001,0.54997,33.032,556.97,0.26566,0.18434,0.14117,1.1015,0.36569,0.72216,0.3516,2.3101,3.4861,0.72216,29.295,488.17,0.24138,0.24963,0.13592,1.1254,0.34628,0.86764,0.35293,2.3573,3.4998,0.86764,28.958,470.31,0.24015,0.25864,0.13564,1.124,0.34949,0.85052,0.35397,2.3433,3.4867,0.85052,27.801,450.35,0.23681,0.2675,0.13931,1.1106,0.36104,0.77418,0.35086,2.3155,3.496,0.77418,29.924,483.9,0.24087,0.2559,0.66365,0.16273,439
0.29431,0.69602,1.45,0.29765,0.18928,0.49834,5.3339,0.29765,1.5267,21.425,0.4527,0.19855,0.27165,0.73039,1.3165,0.37386,0.19077,0.49585,5.343,0.37386,1.6043,19.187,0.43212,0.25141,0.28808,0.71064,1.4466,0.27063,0.19195,0.52346,5.3534,0.27063,5.098,80.407,0.4499,0.22944,0.26639,0.72897,1.382,0.37966,0.19329,0.43114,5.3445,0.37966,0.68479,7.864,0.42618,0.29218,0.27523,0.71112,1.5748,0.28947,0.18836,0.45169,5.3226,0.28947,0.5539,9.3257,0.4347,0.24934,0.31063,0.67235,1.4477,0.21419,0.18956,0.56294,5.3362,0.21419,6.6212,110.34,0.46995,0.174,0.27108,0.7331,1.2243,0.39606,0.19083,0.51472,5.331,0.39606,1.8016,23.166,0.43447,0.24595,0.27931,0.7289,1.3917,0.31079,0.19108,0.49746,5.3423,0.31079,3.9418,60.412,0.44708,0.25373,0.26684,0.72956,1.2567,0.39595,0.18692,0.52466,5.3516,0.39595,3.7418,50.478,0.42501,0.28065,0.27118,0.72968,1.388,0.35927,0.1899,0.46516,5.3336,0.35927,1.3229,15.797,0.43544,0.26677,0.25723,0.74429,1.1671,0.44884,0.18869,0.50203,5.3368,0.44884,1.646,19.758,0.41508,0.28587,0.25925,0.75111,1.1767,0.43438,0.19231,0.4511,5.338,0.43438,0.83819,9.2631,0.42559,0.29792,0.25723,0.73123,1.3724,0.40932,0.18562,0.42628,5.3439,0.40932,0.55246,6.9447,0.40988,0.32311,0.76807,0.045951,447
0.15962,1.0472,0.15931,2.7086,0.32648,1.4019,3.1605,2.7086,6.3758,152.88,0.31448,0.17565,0.14488,1.087,0.1148,2.9301,0.32447,1.424,3.1741,2.9301,4.8377,117.37,0.29663,0.19846,0.15147,1.0678,0.12643,2.8596,0.32547,1.4287,3.1725,2.8596,5.9723,144.52,0.30513,0.18236,0.13511,1.1077,0.075876,3.1049,0.323,1.4395,3.1766,3.1049,4.3616,107.55,0.2838,0.22388,0.15148,1.0575,0.12991,2.9503,0.31917,1.3911,3.1776,2.9503,5.5793,138.14,0.30432,0.21199,0.17512,1.0016,0.16804,2.7123,0.31993,1.3796,3.1837,2.7123,7.8428,190.72,0.33283,0.16018,0.16237,1.0475,0.12208,2.8606,0.31758,1.3779,3.1968,2.8606,5.9315,138.56,0.32044,0.1944,0.15285,1.0705,0.10893,3.0209,0.31948,1.4233,3.1941,3.0209,5.0024,123.86,0.30762,0.19084,0.15045,1.0582,0.11752,3.0897,0.31415,1.4053,3.1984,3.0897,5.8874,143.52,0.30264,0.22117,0.14119,1.0946,0.092659,3.1603,0.31924,1.4286,3.1872,3.1603,3.8624,101.66,0.29249,0.21753,0.1515,1.0658,0.093239,3.1222,0.31264,1.3973,3.21,3.1222,4.9307,116.76,0.30568,0.22266,0.14353,1.0975,0.06921,3.1585,0.3169,1.4212,3.2062,3.1585,3.7927,94.571,0.29673,0.21706,0.13583,1.0908,0.088718,3.3087,0.31356,1.4169,3.1914,3.3087,4.141,109.25,0.28062,0.25756,0.7876,0.061178,455
0.11142,1.1403,0.2481,0.47171,0.35642,3.786,4.2471,0.47171,-16.129,545.93,0.22171,0.2283,0.10292,1.1833,0.23918,0.74339,0.3658,3.7803,4.2267,0.74339,-21.8,457.53,0.21095,0.27452,0.11235,1.1458,0.24085,0.55294,0.36244,3.8585,4.205,0.55294,-17.303,527.8,0.22037,0.21998,0.09871,1.1996,0.23048,0.82071,0.35737,3.8905,4.189,0.82071,-19.137,481.32,0.20128,0.28044,0.11214,1.1276,0.24821,0.48923,0.35479,3.7812,4.2168,0.48923,-18.049,528.96,0.21871,0.23252,0.12502,1.0587,0.25643,0.22219,0.34981,3.7939,4.2008,0.22219,-13.195,598.44,0.23419,0.18496,0.099117,1.1848,0.24246,0.63767,0.34145,3.7977,4.2007,0.63767,-16.665,506.35,0.20564,0.3003,0.10586,1.1671,0.24012,0.58154,0.35984,3.851,4.1691,0.58154,-17.301,505.54,0.21018,0.25119,0.10627,1.1608,0.23685,0.66815,0.35129,3.8816,4.173,0.66815,-17.87,513.56,0.21255,0.26814,0.10176,1.1867,0.23774,0.743,0.36434,3.7978,4.186,0.743,-21.61,451.23,0.20653,0.27464,0.095108,1.2114,0.23143,0.93411,0.34157,3.8339,4.1763,0.93411,-20.305,448.19,0.20226,0.3386,0.092242,1.2235,0.23021,0.87366,0.35235,3.8623,4.1589,0.87366,-18.685,457.78,0.19256,0.31472,0.1017,1.1811,0.23093,0.83349,0.35683,3.8915,4.1913,0.83349,-21.554,476.63,0.2028,0.29324,0.68324,0.075,464
0.072415,1.2824,0.11883,0.17991,0.19786,8.3247,6.3902,0.17991,82.876,2464.6,0.12582,0.17046,0.066741,1.3243,0.12013,0.24135,0.1974,8.2024,6.3796,0.24135,80.872,2375,0.12192,0.21667,0.076673,1.2576,0.12078,0.16314,0.1989,8.1979,6.3599,0.16314,81.965,2406.3,0.13138,0.14884,0.068736,1.3098,0.12088,0.22741,0.19874,8.1601,6.3644,0.22741,82.155,2373,0.12467,0.20319,0.067112,1.303,0.12048,0.23987,0.20067,8.1927,6.3808,0.23987,80.806,2367.4,0.12127,0.22406,0.071175,1.2626,0.12083,0.2075,0.20231,8.1905,6.3608,0.2075,81.533,2394.6,0.12756,0.20248,0.062984,1.3251,0.12058,0.28874,0.20214,8.1721,6.3687,0.28874,81.511,2372.3,0.12024,0.27047,0.065922,1.3017,0.12249,0.27585,0.20207,8.0534,6.343,0.27585,79.699,2307.3,0.12334,0.25557,0.068608,1.2965,0.12148,0.23625,0.20165,8.1238,6.3593,0.23625,81.34,2354.3,0.1248,0.21532,0.062546,1.3333,0.12194,0.303,0.20068,8.0691,6.3621,0.303,79.08,2288.1,0.11761,0.27111,0.061221,1.3477,0.12101,0.31412,0.20158,8.121,6.3686,0.31412,81.094,2337.3,0.1189,0.27959,0.06102,1.3362,0.12255,0.33629,0.20194,8.0267,6.3487,0.33629,80.117,2290.2,0.11872,0.302,0.065995,1.3196,0.12134,0.2577,0.2003,8.1182,6.3713,0.2577,81.155,2334.9,0.12103,0.22743,0.64416,0.071319,50
0.078338,1.2507,0.21515,0.2712,0.18005,4.5117,6.414,0.2712,0.66562,805.27,0.13794,0.24814,0.073031,1.2836,0.21813,0.34646,0.17889,4.4093,6.459,0.34646,-0.2204,756.05,0.13433,0.29188,0.085803,1.2161,0.21957,0.24181,0.18016,4.4344,6.4706,0.24181,-0.11065,776.2,0.14731,0.21611,0.069351,1.2914,0.21868,0.36309,0.18201,4.3953,6.4547,0.36309,-0.073626,749,0.12461,0.32,0.070972,1.2791,0.21641,0.33736,0.17738,4.4614,6.41,0.33736,0.59161,776.49,0.12536,0.30959,0.0914,1.176,0.21746,0.189,0.17863,4.5101,6.4258,0.189,0.21598,810.47,0.15206,0.18355,0.073982,1.2725,0.21627,0.31609,0.1802,4.4676,6.4134,0.31609,-0.043546,778.89,0.13507,0.28139,0.082579,1.236,0.22096,0.25884,0.17764,4.3929,6.4678,0.25884,-0.45224,752.26,0.14355,0.23351,0.074695,1.2553,0.21953,0.33965,0.17465,4.4031,6.4649,0.33965,-0.52265,749.94,0.13349,0.29973,0.069271,1.2997,0.21972,0.36977,0.17631,4.3638,6.4565,0.36977,-0.21915,733.5,0.12637,0.31833,0.069033,1.2968,0.21873,0.40304,0.17628,4.3821,6.4529,0.40304,-0.65567,736.72,0.12887,0.32991,0.069017,1.2992,0.2199,0.3598,0.17944,4.3639,6.4552,0.3598,-0.4156,733.76,0.12596,0.31524,0.064314,1.3079,0.21931,0.44474,0.17348,4.3622,6.4503,0.44474,-0.1029,727.67,0.11501,0.38057,0.79252,0.050835,67
0.12146,1.0975,0.2194,0.14912,0.16131,4.4827,7.1898,0.14912,-58.342,885.57,0.21363,0.14251,0.10637,1.1633,0.22155,0.23013,0.16088,4.3964,7.2271,0.23013,-57.879,849.72,0.19759,0.21826,0.11318,1.1376,0.22212,0.19825,0.16248,4.4039,7.216,0.19825,-57.757,859.36,0.20727,0.19373,0.10469,1.1732,0.22101,0.25184,0.16296,4.4018,7.229,0.25184,-57.886,850.54,0.19795,0.23608,0.11304,1.1304,0.22071,0.18627,0.16045,4.436,7.219,0.18627,-58.239,869.12,0.20315,0.17839,0.1253,1.0783,0.22152,0.12922,0.16212,4.4492,7.2058,0.12922,-58.33,883.41,0.21651,0.12844,0.1117,1.1393,0.2195,0.19747,0.16292,4.4571,7.2117,0.19747,-58.469,874.14,0.20217,0.1881,0.1069,1.1658,0.22328,0.23921,0.16191,4.3623,7.2348,0.23921,-56.945,839.54,0.20026,0.2326,0.10757,1.153,0.22166,0.21589,0.15952,4.4021,7.2344,0.21589,-58.705,863.22,0.19711,0.20828,0.10203,1.1832,0.22337,0.26254,0.16024,4.3449,7.2475,0.26254,-56.909,828.42,0.19494,0.24911,0.1022,1.1754,0.22079,0.2462,0.16023,4.4027,7.2388,0.2462,-58.756,855.92,0.19271,0.23125,0.10054,1.193,0.222,0.28752,0.16266,4.3674,7.243,0.28752,-57.203,834.41,0.19371,0.26821,0.10135,1.1802,0.22114,0.25955,0.15809,4.3919,7.2457,0.25955,-58.548,852.63,0.19112,0.2417,0.81585,0.075531,587
0.42597,0.54592,2.0513,0.076479,0.38881,0.44586,2.7703,0.076479,-0.095664,14.249,0.6072,0.073101,0.41648,0.56563,2.0549,0.10335,0.38659,0.42816,2.7744,0.10335,-0.098013,12.72,0.60269,0.096347,0.42517,0.54579,2.0931,0.080303,0.38863,0.43355,2.7708,0.080303,-0.048858,13.217,0.60595,0.076559,0.41254,0.57302,2.0354,0.11008,0.38883,0.42835,2.7754,0.11008,-0.11344,12.597,0.59993,0.10276,0.41906,0.55931,2.0579,0.09237,0.38578,0.43486,2.773,0.09237,-0.10868,12.997,0.60376,0.088834,0.4351,0.52565,2.121,0.059826,0.3879,0.43951,2.7683,0.059826,-0.060029,13.534,0.61149,0.058741,0.41897,0.56148,2.0519,0.093573,0.38824,0.43497,2.7723,0.093573,-0.13582,12.905,0.60337,0.089233,0.41769,0.56075,2.0864,0.096966,0.38625,0.42471,2.7713,0.096966,-0.097522,12.143,0.60184,0.092754,0.41615,0.56142,2.0785,0.095948,0.38607,0.42726,2.7725,0.095948,-0.04967,12.317,0.60007,0.09189,0.41198,0.5733,2.0573,0.11488,0.38419,0.42021,2.7754,0.11488,-0.12591,11.817,0.6003,0.10726,0.4111,0.5748,2.0474,0.11375,0.38657,0.42281,2.7755,0.11375,-0.098077,11.954,0.59875,0.10563,0.40892,0.58053,2.0374,0.12069,0.3866,0.42038,2.7752,0.12069,-0.15976,11.682,0.59784,0.11267,0.40654,0.58157,2.032,0.12034,0.38403,0.42263,2.777,0.12034,-0.10275,11.86,0.59584,0.11328,0.62956,0.044737,872
0.065513,1.3378,0.075191,0.21571,0.21824,13.195,7.0838,0.21571,-30.125,4548.6,0.12088,0.19699,0.060493,1.3847,0.075688,0.27906,0.21372,13.073,7.1693,0.27906,-47.33,4480.7,0.11357,0.24776,0.069692,1.3031,0.075829,0.16286,0.21016,13.106,7.1998,0.16286,-49.015,4548,0.11736,0.15584,0.060802,1.3625,0.076325,0.25036,0.20599,12.982,7.2306,0.25036,-55.358,4465.6,0.11184,0.24018,0.05068,1.4165,0.075577,0.6426,0.22365,13.033,7.0994,0.6426,-38.2,4414.9,0.11297,0.41972,0.056409,1.352,0.075351,0.44934,0.22118,13.131,7.1131,0.44934,-38.286,4509.1,0.11869,0.39277,0.05808,1.3515,0.075853,0.37708,0.21685,13.049,7.149,0.37708,-45.608,4472.2,0.11967,0.32882,0.055969,1.3644,0.076384,0.43718,0.21399,12.944,7.2405,0.43718,-56.805,4449.2,0.10893,0.36161,0.054268,1.377,0.076076,0.52145,0.21962,12.985,7.151,0.52145,-49.249,4395.3,0.11473,0.42278,0.049843,1.4308,0.076161,0.64624,0.21731,12.91,7.2151,0.64624,-54.691,4388.7,0.10416,0.37456,0.054192,1.395,0.076086,0.47356,0.21702,12.973,7.1598,0.47356,-52.197,4391.9,0.11596,0.36177,0.058241,1.35,0.077039,0.3489,0.20971,12.849,7.2749,0.3489,-63.728,4406.6,0.11056,0.32594,0.050044,1.4224,0.076279,0.69973,0.22169,12.903,7.1456,0.69973,-49.853,4314.5,0.10912,0.46532,1.9429,1.0797,471
0.25782,0.806,1.0875,0.29692,0.34258,0.74207,3.2011,0.29692,3.255,39.075,0.45569,0.20932,0.25742,0.80808,1.1128,0.30919,0.34519,0.7126,3.1855,0.30919,2.9653,34.991,0.45739,0.22729,0.25804,0.80494,1.1099,0.30394,0.34538,0.7183,3.1883,0.30394,3.1387,36.754,0.45757,0.22281,0.25591,0.80852,1.1099,0.31249,0.34582,0.71005,3.1867,0.31249,2.9639,35.127,0.45556,0.2304,0.25698,0.80876,1.0952,0.307,0.34221,0.7258,3.1892,0.307,2.9641,36.655,0.45564,0.21656,0.25992,0.8008,1.0975,0.29567,0.34236,0.7316,3.1926,0.29567,3.1031,38.061,0.45791,0.20593,0.25789,0.80727,1.0938,0.30575,0.34265,0.72534,3.1926,0.30575,2.9179,36.037,0.45627,0.21404,0.25917,0.80449,1.1176,0.30762,0.34461,0.7065,3.1805,0.30762,2.8825,34.533,0.45928,0.22335,0.25949,0.80786,1.1038,0.31662,0.34139,0.70705,3.1818,0.31662,2.6911,34.412,0.45908,0.21897,0.25817,0.80772,1.1195,0.31344,0.34447,0.70143,3.1774,0.31344,2.7548,33.363,0.45866,0.22861,0.25915,0.80969,1.1025,0.32056,0.34167,0.7034,3.1823,0.32056,2.5647,33.073,0.45891,0.22162,0.25774,0.80745,1.1155,0.31344,0.34492,0.70205,3.1805,0.31344,2.7715,33.523,0.45793,0.22841,0.25777,0.81098,1.1042,0.32265,0.34122,0.70302,3.1792,0.32265,2.6158,33.717,0.45758,0.22471,0.50352,0.084109,749
0.40324,0.51415,2.2114,0.21989,0.84161,0.27365,1.3613,0.21989,1.0002,5.0435,0.57157,0.17127,0.39535,0.52323,2.0933,0.23864,0.8432,0.27212,1.3603,0.23864,0.8766,3.7266,0.56591,0.18514,0.40177,0.51589,2.1942,0.22251,0.84146,0.27342,1.3613,0.22251,0.98134,4.8399,0.57046,0.17342,0.38913,0.53011,2.0375,0.24541,0.84011,0.27379,1.3622,0.24541,0.90252,4.0804,0.56058,0.19221,0.40146,0.51692,2.1771,0.22474,0.84093,0.27329,1.3609,0.22474,0.95622,4.5612,0.57066,0.17415,0.40681,0.51022,2.2714,0.20962,0.83923,0.27436,1.362,0.20962,1.0675,5.9365,0.57418,0.16432,0.38869,0.53067,2.0507,0.24274,0.83823,0.27365,1.3623,0.24274,0.91719,4.3106,0.56043,0.19218,0.39787,0.5207,2.1454,0.2293,0.84043,0.27368,1.3617,0.2293,0.95163,4.5327,0.5676,0.17895,0.39312,0.52621,2.0834,0.23813,0.83885,0.27287,1.3614,0.23813,0.89287,3.9927,0.56432,0.18608,0.39694,0.52204,2.1058,0.23614,0.84217,0.2726,1.3606,0.23614,0.87903,3.7338,0.56731,0.18196,0.38249,0.53733,1.953,0.25741,0.83793,0.27207,1.3616,0.25741,0.80429,3.1824,0.55578,0.20277,0.38318,0.53648,1.9665,0.25567,0.839,0.27399,1.3628,0.25567,0.86691,3.7813,0.55569,0.20108,0.39104,0.52867,2.033,0.24601,0.84012,0.27295,1.361,0.24601,0.85779,3.6367,0.56279,0.19013,0.85959,0.27914,303
0.69378,0.30109,4.384,0.080331,0.92411,0.17611,1.1615,0.080331,1.5951,8.9727,0.82556,0.066111,0.67457,0.32457,3.8195,0.11393,0.92413,0.17806,1.1632,0.11393,1.4081,6.9665,0.81422,0.085501,0.68861,0.30612,4.2903,0.083439,0.92383,0.17866,1.1638,0.083439,1.6319,9.8116,0.82227,0.068453,0.67327,0.32537,3.8334,0.11291,0.92375,0.17824,1.1638,0.11291,1.4188,7.0706,0.81336,0.086208,0.68731,0.30973,4.2033,0.091909,0.92395,0.17575,1.1616,0.091909,1.4942,7.7224,0.82185,0.072874,0.70434,0.28604,4.6853,0.061105,0.9239,0.17651,1.1616,0.061105,1.7522,11.284,0.83138,0.052821,0.68217,0.31648,3.9915,0.1045,0.924,0.17631,1.1612,0.1045,1.4495,7.2398,0.81893,0.079415,0.68106,0.31616,4.051,0.098843,0.92375,0.17851,1.1638,0.098843,1.5118,8.2156,0.81794,0.077167,0.68374,0.31517,4.0273,0.10297,0.92367,0.17562,1.1603,0.10297,1.479,8.0264,0.81997,0.079125,0.67154,0.3281,3.7349,0.11953,0.92389,0.17771,1.1636,0.11953,1.3423,6.1959,0.81235,0.087792,0.67214,0.32932,3.5854,0.13045,0.92391,0.17513,1.1596,0.13045,1.2882,5.7854,0.81313,0.092568,0.66728,0.33281,3.5869,0.1286,0.92386,0.17818,1.1634,0.1286,1.3192,6.0202,0.80979,0.09282,0.67377,0.32673,3.7376,0.1212,0.92347,0.17514,1.1608,0.1212,1.3154,5.9356,0.814,0.089386,0.68229,0.245,311
0.45182,0.56066,1.5761,0.23668,0.59458,0.47719,1.8922,0.23668,6.8968,90.823,0.64491,0.1326,0.4324,0.58838,1.3774,0.32784,0.59699,0.47618,1.8901,0.32784,5.8804,72.236,0.63096,0.16088,0.45144,0.56238,1.5505,0.24641,0.5963,0.47917,1.891,0.24641,7.1404,94.707,0.64502,0.13598,0.42355,0.60011,1.286,0.36833,0.5958,0.47825,1.8913,0.36833,5.3841,62.24,0.6244,0.17245,0.43423,0.58576,1.3926,0.3211,0.59409,0.47585,1.8908,0.3211,5.7689,69.147,0.63224,0.15753,0.46106,0.54729,1.6423,0.20636,0.59363,0.47733,1.8908,0.20636,7.4684,100.48,0.6516,0.1228,0.42949,0.59071,1.3809,0.32694,0.59302,0.47525,1.891,0.32694,5.8153,70.406,0.62884,0.1637,0.43477,0.58568,1.381,0.32477,0.59556,0.47835,1.8903,0.32477,6.1397,75.588,0.63314,0.16027,0.42555,0.59464,1.3403,0.3427,0.59367,0.47988,1.8856,0.3427,5.7905,69.11,0.62472,0.16616,0.42353,0.6007,1.2511,0.38537,0.59606,0.47531,1.8899,0.38537,5.1113,58.53,0.62446,0.17489,0.41251,0.61083,1.2129,0.40244,0.5933,0.47714,1.8848,0.40244,4.9407,55.488,0.61456,0.18416,0.41376,0.61247,1.1683,0.42257,0.5951,0.47702,1.8904,0.42257,4.8045,53.025,0.61695,0.18827,0.40967,0.61603,1.145,0.43249,0.59371,0.48037,1.8869,0.43249,4.5638,48.55,0.61255,0.18784,0.63778,0.17782,451
