   0.00000, 173.00000,  56.00000, 311.00000, 603.00000, 192.00000,   0.87669,   0.30934,   0.22886,   0.74881,   0.44217,   0.71295,   0.75585,   0.40375,   1.64032,   0.71295,   0.81281,   5.27338,   0.30246,   0.43255
   0.00000, 173.00000, 250.00000, 405.00000, 590.00000, 404.00000,   0.77571,   0.21017,   0.26333,   0.79511,   0.66359,   0.90249,   0.63922,   0.77976,   1.87601,   0.90249,   5.27945,  37.70515,   0.44050,   0.25217
   0.00000, 173.00000, 258.00000, 331.00000, 603.00000, 291.00000,   0.66728,   0.13000,   0.49854,   0.48228,   2.52415,   0.20173,   0.57144,   0.23289,   1.84630,   0.20173,   0.38459,   6.77573,   0.68542,   0.17843
   0.00000, 173.00000, 266.00000, 439.00000, 591.00000, 317.00000,   0.70250,   0.11261,   0.03984,   1.54379,   0.08542,   0.84151,   0.19853,  11.30869,   6.98880,   0.84151,  45.23592,3890.69238,   0.08357,   0.34600
   0.00000, 173.00000, 131.00000, 630.00000, 585.00000, 304.00000,   0.89968,   0.30090,   0.50070,   0.46853,   2.18037,   0.23423,   0.86592,   0.25374,   1.25778,   0.23423,   1.60112,   9.28930,   0.68527,   0.16592
   0.00000, 173.00000, 544.00000, 582.00000, 595.00000, 247.00000,   0.81406,   0.26582,   0.90401,   0.12141,   9.41075,   0.05202,   0.98331,   0.06105,   1.04066,   0.05202,   0.81270,   6.32036,   0.95045,   0.03255
   0.00000, 173.00000, 551.00000, 611.00000, 590.00000, 271.00000,   0.86884,   0.25535,   0.41861,   0.50069,   1.93124,   0.15442,   0.68667,   0.42376,   1.66693,   0.15442,   3.86263,  49.91592,   0.53043,   0.07892
   0.00000, 173.00000, 559.00000, 587.00000, 593.00000, 254.00000,   0.79700,   0.18128,   0.74688,   0.24195,   5.28506,   0.06213,   0.93398,   0.15023,   1.13262,   0.06213,   1.78952,  15.03777,   0.85810,   0.04013
   0.00000, 173.00000,  79.00000, 534.00000, 590.00000, 255.00000,   0.60059,   0.07345,   0.11391,   1.13288,   0.23421,   0.37894,   0.28591,   4.07904,   4.49423,   0.37894,   8.70000, 446.15231,   0.23223,   0.23546
   0.00000, 173.00000, 652.00000, 540.00000, 589.00000, 274.00000,   0.71173,   0.13052,   0.19393,   0.95723,   0.53590,   0.52335,   0.43739,   1.55301,   2.79872,   0.52335,  16.36785, 218.12308,   0.33406,   0.19320
   0.00000, 173.00000, 660.00000, 551.00000, 589.00000, 261.00000,   0.66631,   0.07650,   0.14016,   1.05848,   0.33079,   0.68200,   0.42529,   2.64256,   3.31182,   0.68200,   7.83424, 389.34769,   0.26780,   0.23535
   0.00000, 173.00000,  55.00000, 493.00000, 592.00000, 261.00000,   0.60041,   0.05145,   0.27666,   0.69992,   1.25831,   0.11840,   0.19450,   0.73092,   5.29670,   0.11840,  -1.38904,  27.15746,   0.39178,   0.10894
   0.00000, 173.00000,  87.00000, 550.00000, 589.00000, 257.00000,   0.61133,   0.10700,   0.47055,   0.49907,   2.21786,   0.11782,   0.48082,   0.38191,   2.23591,   0.11782,   2.88296,  33.37377,   0.64627,   0.07683
   0.00000, 173.00000, 110.00000, 527.00000, 592.00000, 261.00000,   0.54755,   0.08042,   0.27179,   0.78124,   1.07995,   0.22275,   0.30055,   0.79787,   3.65220,   0.22275,  -1.20979,  51.52485,   0.45570,   0.18018
   0.00000, 173.00000, 439.00000, 545.00000, 589.00000, 282.00000,   0.66365,   0.16273,   0.15231,   1.06685,   0.37658,   0.61733,   0.35206,   2.30418,   3.49367,   0.61733,  31.32462, 527.59772,   0.25366,   0.21997
   0.00000, 173.00000, 447.00000, 587.00000, 590.00000, 269.00000,   0.76807,   0.04595,   0.27449,   0.72287,   1.35342,   0.35231,   0.18989,   0.48806,   5.33929,   0.35231,   2.30259,  33.41288,   0.43524,   0.25761
   0.00000, 173.00000, 455.00000, 580.00000, 590.00000, 273.00000,   0.78760,   0.06118,   0.15042,   1.06875,   0.11282,   2.99898,   0.31939,   1.41041,   3.18685,   2.99898,   5.27058, 129.18163,   0.30334,   0.20567
   0.00000, 173.00000, 464.00000, 568.00000, 589.00000, 267.00000,   0.68324,   0.07500,   0.10497,   1.16698,   0.23946,   0.65937,   0.35495,   3.83125,   4.19544,   0.65937, -18.43100, 499.94305,   0.21075,   0.26627
   0.00000, 173.00000,  50.00000, 684.00000, 589.00000, 484.00000,   0.64416,   0.07132,   0.06701,   1.30768,   0.12102,   0.25163,   0.20048,   8.15020,   6.36595,   0.25163,  81.09254,2358.86938,   0.12287,   0.22978
   0.00000, 173.00000,  67.00000, 757.00000, 588.00000, 416.00000,   0.79252,   0.05083,   0.07475,   1.26648,   0.21845,   0.32622,   0.17809,   4.41983,   6.44578,   0.32622,  -0.10332, 760.47845,   0.13307,   0.28677
   0.00000, 173.00000, 587.00000, 765.00000, 588.00000, 432.00000,   0.81585,   0.07553,   0.10895,   1.15155,   0.22139,   0.21948,   0.16121,   4.40757,   7.22635,   0.21948, -57.99754, 857.38464,   0.20062,   0.20897
   0.00000, 173.00000, 872.00000, 888.00000, 588.00000, 448.00000,   0.62956,   0.04474,   0.41736,   0.56224,   2.06188,   0.09835,   0.38681,   0.42948,   2.77318,   0.09835,  -0.09955,  12.61477,   0.60223,   0.09300
   0.00000, 173.00000, 471.00000, 630.00000, 583.00000, 540.00000,   1.94290,   1.07970,   0.05725,   1.37290,   0.07599,   0.42339,   0.21609,  13.01023,   7.17169,   0.42339, -48.49577,4445.02295,   0.11373,   0.33031
   0.00000, 173.00000, 749.00000, 759.00000, 591.00000, 314.00000,   0.50352,   0.08411,   0.25811,   0.80712,   1.10536,   0.30964,   0.34342,   0.71455,   3.18598,   0.30964,   2.89142,  35.33239,   0.45750,   0.22092
   0.00000, 173.00000, 303.00000, 614.00000, 595.00000, 245.00000,   0.85959,   0.27914,   0.39470,   0.52405,   2.10175,   0.23586,   0.84025,   0.27326,   1.36149,   0.23586,   0.91955,   4.25833,   0.56518,   0.18413
   0.00000, 173.00000, 311.00000, 703.00000, 592.00000, 241.00000,   0.68229,   0.24500,   0.68104,   0.31675,   3.99465,   0.10382,   0.92386,   0.17692,   1.16217,   0.10382,   1.46198,   7.63436,   0.81806,   0.07925
   0.00000, 173.00000, 451.00000, 678.00000, 598.00000, 172.00000,   0.63778,   0.17782,   0.43106,   0.58890,   1.36188,   0.33415,   0.59475,   0.47748,   1.88962,   0.33415,   5.82345,  70.79461,   0.62957,   0.16212
   0.00000, 174.00000,  56.00000, 311.00000, 603.00000, 192.00000,   1.06730,   0.29377,   0.35845,   0.54793,   0.94427,   0.49580,   0.91280,   0.25918,   1.34597,   0.49580,   0.87025,   5.12393,   0.47427,   0.40039
   0.00000, 174.00000, 250.00000, 405.00000, 590.00000, 404.00000,   0.87493,   0.13300,   0.09550,   1.21064,   0.23597,   2.58013,   0.20499,   2.72842,   5.27452,   2.58013,  23.05277, 366.62155,   0.21078,   0.28758
   0.00000, 174.00000, 258.00000, 331.00000, 603.00000, 291.00000,   0.81992,   0.10668,   0.28953,   0.59739,   1.35238,   0.33990,   0.70384,   0.26471,   1.60076,   0.33990,   0.09793,   2.80191,   0.42062,   0.32614
   0.00000, 174.00000, 266.00000, 439.00000, 591.00000, 317.00000,   0.81721,   0.07797,   0.07938,   1.29499,   0.21255,   1.76202,   0.12251,   3.70101,   8.82931,   1.76202,  17.64362, 447.98773,   0.15524,   0.25423
   0.00000, 174.00000, 131.00000, 630.00000, 585.00000, 304.00000,   1.03320,   0.31345,   0.55577,   0.45015,   2.26896,   0.17011,   0.88597,   0.32769,   1.26419,   0.17011,   3.62338,  25.67692,   0.73263,   0.12957
   0.00000, 174.00000, 544.00000, 582.00000, 595.00000, 247.00000,   0.91391,   0.23331,   0.61912,   0.36204,   3.08743,   0.13016,   0.91297,   0.23533,   1.20525,   0.13016,   2.74979,  22.83392,   0.77408,   0.09283
   0.00000, 174.00000, 551.00000, 611.00000, 590.00000, 271.00000,   0.94409,   0.17529,   0.51345,   0.49466,   2.05008,   0.12512,   0.48784,   0.41483,   2.20628,   0.12512,   4.20473,  39.85523,   0.69522,   0.07656
   0.00000, 174.00000, 559.00000, 587.00000, 593.00000, 254.00000,   0.88747,   0.16602,   0.78330,   0.22077,   6.41105,   0.05611,   0.94600,   0.12012,   1.10525,   0.05611,   1.26648,   8.04069,   0.88178,   0.04654
   0.00000, 174.00000,  79.00000, 534.00000, 590.00000, 255.00000,   0.78528,   0.07096,   0.12297,   1.18305,   0.26718,   0.57443,   0.22324,   3.45451,   5.15578,   0.57443,  46.75339, 854.51166,   0.22785,   0.27796
   0.00000, 174.00000, 652.00000, 540.00000, 589.00000, 274.00000,   0.86791,   0.07790,   0.39579,   0.71494,   0.71689,   0.23248,   0.35762,   1.27506,   3.11774,   0.23248,  24.90838, 300.93307,   0.61059,   0.13277
   0.00000, 174.00000, 660.00000, 551.00000, 589.00000, 261.00000,   0.82300,   0.04700,   0.14236,   1.07895,   0.42615,   0.57594,   0.25380,   2.03256,   4.43374,   0.57594,  15.79921, 379.12079,   0.28683,   0.28789
   0.00000, 174.00000,  55.00000, 493.00000, 592.00000, 261.00000,   0.73550,   0.06041,   0.14922,   0.98347,   0.48649,   0.19257,   0.30660,   1.95648,   3.85125,   0.19257,   6.91044, 214.86154,   0.21769,   0.15560
   0.00000, 174.00000,  87.00000, 550.00000, 589.00000, 257.00000,   0.80244,   0.10635,   0.16331,   0.97797,   0.42473,   0.22230,   0.34734,   2.24045,   3.58618,   0.22230,  21.78631, 458.02390,   0.28691,   0.15450
   0.00000, 174.00000, 110.00000, 527.00000, 592.00000, 261.00000,   0.72771,   0.08070,   0.13717,   1.02475,   0.38475,   0.22443,   0.39717,   2.48546,   3.30362,   0.22443,  25.03508, 463.55612,   0.22357,   0.16594
   0.00000, 174.00000, 439.00000, 545.00000, 589.00000, 282.00000,   0.89616,   0.08977,   0.23375,   0.85217,   0.56138,   0.29037,   0.48108,   1.63034,   2.54937,   0.29037,  32.84977, 427.79617,   0.34951,   0.15876
   0.00000, 174.00000, 447.00000, 587.00000, 590.00000, 269.00000,   0.78476,   0.06024,   0.14628,   0.98543,   0.61001,   0.54292,   0.14389,   1.31941,   7.05837,   0.54292,   6.07222, 107.78233,   0.21640,   0.29489
   0.00000, 174.00000, 455.00000, 580.00000, 590.00000, 273.00000,   0.89857,   0.06692,   0.08330,   1.26954,   0.27616,   1.37443,   0.14755,   3.12596,   7.22361,   1.37443, -29.51046, 462.88074,   0.18422,   0.28545
   0.00000, 174.00000, 464.00000, 568.00000, 589.00000, 267.00000,   0.83720,   0.02968,   0.09302,   1.16488,   0.37197,   0.60001,   0.29617,   2.36463,   3.97385,   0.60001,   8.99228, 219.52309,   0.17933,   0.33986
   0.00000, 174.00000,  50.00000, 684.00000, 589.00000, 484.00000,   0.70809,   0.07025,   0.08887,   1.19340,   0.17273,   0.17987,   0.17509,   5.70378,   6.76412,   0.17987,  13.18977,1151.39990,   0.13993,   0.17524
   0.00000, 174.00000,  67.00000, 757.00000, 588.00000, 416.00000,   0.76059,   0.03165,   0.07183,   1.33602,   0.14467,   0.31978,   0.11778,   6.75042,   9.37966,   0.31978, -17.68692,1678.81531,   0.16493,   0.28646
   0.00000, 174.00000, 587.00000, 765.00000, 588.00000, 432.00000,   0.77388,   0.02755,   0.08693,   1.24887,   0.18822,   0.29121,   0.10149,   5.16594,  10.49308,   0.29121, -28.43615,1085.90771,   0.16726,   0.26637
   0.00000, 174.00000, 872.00000, 888.00000, 588.00000, 448.00000,   0.72126,   0.07572,   0.06942,   1.29704,   0.10973,   0.18411,   0.18928,   9.02744,   6.76755,   0.18411,  74.88392,3156.17676,   0.11576,   0.18181
   0.00000, 174.00000, 471.00000, 630.00000, 583.00000, 540.00000,   1.95050,   1.03560,   0.05254,   1.40038,   0.05954,   0.35796,   0.25082,  16.67400,   6.88024,   0.35796, 129.84076,7621.04639,   0.12711,   0.33154
   0.00000, 174.00000, 749.00000, 759.00000, 591.00000, 314.00000,   0.63400,   0.07463,   0.04967,   1.47136,   0.20631,   1.69151,   0.21808,   3.88000,   5.49062,   1.69151,  25.87139, 526.30853,   0.12475,   0.38361
   0.00000, 174.00000, 303.00000, 614.00000, 595.00000, 245.00000,   0.99025,   0.27731,   0.55087,   0.43776,   2.11979,   0.23366,   0.90315,   0.26853,   1.23361,   0.23366,   2.51172,  18.78916,   0.72659,   0.14063
   0.00000, 174.00000, 311.00000, 703.00000, 592.00000, 241.00000,   0.84247,   0.19808,   0.54922,   0.42861,   2.21945,   0.14589,   0.86687,   0.35902,   1.29770,   0.14589,   4.49465,  34.52177,   0.71593,   0.08342
   0.00000, 174.00000, 451.00000, 678.00000, 598.00000, 172.00000,   0.91095,   0.21474,   0.88888,   0.14580,   6.11381,   0.07725,   0.97683,   0.10085,   1.05602,   0.07725,   1.52548,  10.71028,   0.94242,   0.03400
   0.00000, 175.00000,  56.00000, 311.00000, 603.00000, 192.00000,   1.29830,   0.27054,   0.34134,   0.57313,   0.72846,   0.61715,   0.91142,   0.29458,   1.37680,   0.61715,   1.00220,   5.55972,   0.44160,   0.41520
   0.00000, 175.00000, 250.00000, 405.00000, 590.00000, 404.00000,   1.13050,   0.15257,   0.29981,   0.82699,   0.44556,   1.48396,   0.30555,   1.20082,   3.46317,   1.48396,   6.00248,  47.22939,   0.52605,   0.17962
   0.00000, 175.00000, 258.00000, 331.00000, 603.00000, 291.00000,   1.01760,   0.08158,   0.24254,   0.73203,   1.43422,   0.34121,   0.48415,   0.46054,   2.38858,   0.34121,   0.19809,  12.43262,   0.34213,   0.28203
   0.00000, 175.00000, 266.00000, 439.00000, 591.00000, 317.00000,   1.03060,   0.04396,   0.07214,   1.40963,   0.15751,   0.99747,   0.16837,   5.84589,   6.87177,   0.99747,  78.26131,1688.29236,   0.20110,   0.30614
   0.00000, 175.00000, 131.00000, 630.00000, 585.00000, 304.00000,   1.30450,   0.23402,   0.64989,   0.34789,   3.24208,   0.14925,   0.92743,   0.18288,   1.16558,   0.14925,   1.50035,   9.32620,   0.79852,   0.10992
   0.00000, 175.00000, 544.00000, 582.00000, 595.00000, 247.00000,   1.22230,   0.17478,   0.94275,   0.07910,  14.44115,   0.03295,   0.98898,   0.04195,   1.02535,   0.03295,   0.68345,   6.28683,   0.97084,   0.01768
   0.00000, 175.00000, 551.00000, 611.00000, 590.00000, 271.00000,   1.22640,   0.15623,   0.65131,   0.31755,   3.65021,   0.08537,   0.90547,   0.22108,   1.19922,   0.08537,   2.81415,  27.39770,   0.79266,   0.05507
   0.00000, 175.00000, 559.00000, 587.00000, 593.00000, 254.00000,   1.21170,   0.13276,   0.92768,   0.09253,  14.70700,   0.03077,   0.98486,   0.04443,   1.03115,   0.03077,   0.65681,   5.88957,   0.96294,   0.02037
   0.00000, 175.00000,  79.00000, 534.00000, 590.00000, 255.00000,   1.10120,   0.04320,   0.10358,   1.16409,   0.35689,   0.49536,   0.26637,   2.57032,   4.32684,   0.49536,  19.94031, 426.29388,   0.17320,   0.29114
   0.00000, 175.00000, 652.00000, 540.00000, 589.00000, 274.00000,   1.16470,   0.09710,   0.11711,   1.14636,   0.34993,   0.43848,   0.31762,   2.62289,   3.89876,   0.43848,  18.50846, 361.28381,   0.21258,   0.25945
   0.00000, 175.00000, 660.00000, 551.00000, 589.00000, 261.00000,   1.13990,   0.08116,   0.12014,   1.11986,   0.35060,   0.64351,   0.40020,   2.54650,   3.19612,   0.64351,  46.35915, 731.66840,   0.20180,   0.30504
   0.00000, 175.00000,  55.00000, 493.00000, 592.00000, 261.00000,   1.04210,   0.05783,   0.10327,   1.15246,   0.23891,   0.19931,   0.22037,   4.08814,   5.34403,   0.19931,  28.98800, 739.63379,   0.18870,   0.18303
   0.00000, 175.00000,  87.00000, 550.00000, 589.00000, 257.00000,   1.08000,   0.07307,   0.19184,   0.92947,   0.56566,   0.24921,   0.35825,   1.63466,   3.22779,   0.24921,  19.40646, 229.52231,   0.30730,   0.17530
   0.00000, 175.00000, 110.00000, 527.00000, 592.00000, 261.00000,   1.02040,   0.04984,   0.13829,   1.01230,   0.54543,   0.24728,   0.29074,   1.70176,   3.94451,   0.24728,   3.65212, 138.56769,   0.21623,   0.21574
   0.00000, 175.00000, 439.00000, 545.00000, 589.00000, 282.00000,   1.11860,   0.06016,   0.11322,   1.14574,   0.28741,   0.45261,   0.34844,   3.24932,   3.74817,   0.45261,  40.65285, 809.86157,   0.21611,   0.24706
   0.00000, 175.00000, 447.00000, 587.00000, 590.00000, 269.00000,   1.14180,   0.02323,   0.06578,   1.29303,   0.15598,   1.30308,   0.18866,   5.83304,   6.24170,   1.30308,  14.69254,1157.04626,   0.10418,   0.33074
   0.00000, 175.00000, 455.00000, 580.00000, 590.00000, 273.00000,   1.11800,   0.05012,   0.04732,   1.55140,   0.08344,   8.34346,   0.14624,   5.94527,   7.17051,   8.34346, -13.45877, 747.11536,   0.10975,   0.27581
   0.00000, 175.00000, 464.00000, 568.00000, 589.00000, 267.00000,   1.02470,   0.04091,   0.05233,   1.47995,   0.10306,   0.74023,   0.32706,   9.37393,   5.20033,   0.74023, 127.62538,3988.68481,   0.12786,   0.39446
   0.00000, 175.00000,  50.00000, 684.00000, 589.00000, 484.00000,   1.12100,   0.02655,   0.21491,   0.99574,   0.39552,   0.29534,   0.21229,   2.37892,   5.21262,   0.29534,  43.48716, 819.62537,   0.42734,   0.22334
   0.00000, 175.00000,  67.00000, 757.00000, 588.00000, 416.00000,   1.22680,   0.03780,   0.04089,   1.49928,   0.11609,   0.47008,   0.14871,   8.37758,   8.08055,   0.47008,   5.40596,2403.66919,   0.07954,   0.39708
   0.00000, 175.00000, 587.00000, 765.00000, 588.00000, 432.00000,   1.22240,   0.05694,   0.08963,   1.23019,   0.15107,   0.23715,   0.16892,   6.50278,   7.28124,   0.23715, -55.57801,1383.74622,   0.19378,   0.22773
   0.00000, 175.00000, 872.00000, 888.00000, 588.00000, 448.00000,   1.03050,   0.02736,   0.08428,   1.26881,   0.21668,   0.31587,   0.16460,   4.45292,   6.74681,   0.31587,  51.96661,1082.51538,   0.18972,   0.30030
   0.00000, 175.00000, 471.00000, 630.00000, 583.00000, 540.00000,   1.95970,   0.70466,   0.04751,   1.41538,   0.06494,   0.35176,   0.23008,  15.27100,   7.37862,   0.35176,   6.51847,6738.66162,   0.08805,   0.29356
   0.00000, 175.00000, 749.00000, 759.00000, 591.00000, 314.00000,   0.96886,   0.07350,   0.04209,   1.51455,   0.19395,   1.80816,   0.22319,   4.36660,   5.64909,   1.80816,  25.18484, 803.04688,   0.08540,   0.36098
   0.00000, 175.00000, 303.00000, 614.00000, 595.00000, 245.00000,   1.28400,   0.25680,   0.76613,   0.26455,   2.22118,   0.20906,   0.96484,   0.16141,   1.10057,   0.20906,   1.72358,  13.25111,   0.87284,   0.09108
   0.00000, 175.00000, 311.00000, 703.00000, 592.00000, 241.00000,   1.17320,   0.18027,   0.87587,   0.16343,   4.62118,   0.10314,   0.97415,   0.13156,   1.06491,   0.10314,   2.33916,  19.30916,   0.93543,   0.04053
   0.00000, 175.00000, 451.00000, 678.00000, 598.00000, 172.00000,   1.24000,   0.19209,   0.91996,   0.11674,   4.13601,   0.12080,   0.98415,   0.12396,   1.04525,   0.12080,   2.83649,  32.68362,   0.95899,   0.02591
   0.00000, 177.00000,  56.00000, 311.00000, 603.00000, 192.00000,   0.99172,   0.48825,   0.22589,   0.76465,   0.43925,   1.39214,   0.73128,   0.44152,   2.02032,   1.39214,   1.49184,   8.29130,   0.33878,   0.56233
   0.00000, 177.00000, 250.00000, 405.00000, 590.00000, 404.00000,   0.66331,   0.20445,   0.12691,   1.14581,   0.13236,   4.36782,   0.36361,   2.33592,   3.07077,   4.36782,  20.20954, 244.51768,   0.24987,   0.25265
   0.00000, 177.00000, 258.00000, 331.00000, 603.00000, 291.00000,   0.56452,   0.15512,   0.34372,   0.72160,   1.22391,   0.41198,   0.54492,   0.46742,   2.10745,   0.41198,   3.74115,  30.02277,   0.56217,   0.27129
   0.00000, 177.00000, 266.00000, 439.00000, 591.00000, 317.00000,   0.51183,   0.11061,   0.04359,   1.52091,   0.10359,   0.97171,   0.21325,   9.16505,   6.28270,   0.97171, 106.47923,3255.11572,   0.09185,   0.33102
   0.00000, 177.00000, 131.00000, 630.00000, 585.00000, 304.00000,   0.84627,   0.35444,   0.27845,   0.68441,   1.46035,   0.34203,   0.71787,   0.41165,   1.66238,   0.34203,   1.28894,   9.86474,   0.39358,   0.26209
   0.00000, 177.00000, 544.00000, 582.00000, 595.00000, 247.00000,   0.73924,   0.35095,   0.29620,   0.71099,   1.11342,   0.32909,   0.67573,   0.68135,   1.76362,   0.32909,   6.72348,  68.57600,   0.39584,   0.16395
   0.00000, 177.00000, 551.00000, 611.00000, 590.00000, 271.00000,   0.79307,   0.34809,   0.43852,   0.48560,   2.34715,   0.13542,   0.80401,   0.34165,   1.41312,   0.13542,   2.10681,  13.61241,   0.58484,   0.09757
   0.00000, 177.00000, 559.00000, 587.00000, 593.00000, 254.00000,   0.70477,   0.27275,   0.51846,   0.44636,   2.20296,   0.14560,   0.84933,   0.36347,   1.32148,   0.14560,   4.39290,  36.67377,   0.68803,   0.08814
   0.00000, 177.00000,  79.00000, 534.00000, 590.00000, 255.00000,   0.49704,   0.11590,   0.07172,   1.42781,   0.17053,   1.37876,   0.31801,   5.07997,   4.18303,   1.37876,  86.75800,1522.80005,   0.17852,   0.35661
   0.00000, 177.00000, 652.00000, 540.00000, 589.00000, 274.00000,   0.48638,   0.05228,   0.23979,   0.84768,   0.80840,   0.22776,   0.29375,   1.11265,   3.78300,   0.22776,   3.40570, 139.74539,   0.42287,   0.16780
   0.00000, 177.00000, 660.00000, 551.00000, 589.00000, 261.00000,   0.50801,   0.09814,   0.06185,   1.44166,   0.20935,   1.61346,   0.30117,   3.79350,   4.21775,   1.61346,  45.54669, 759.89001,   0.14002,   0.39228
   0.00000, 177.00000,  55.00000, 493.00000, 592.00000, 261.00000,   0.42540,   0.06423,   0.16387,   0.93405,   0.53843,   0.18044,   0.44002,   1.76358,   2.93928,   0.18044,   8.91198, 173.50462,   0.25887,   0.14502
   0.00000, 177.00000,  87.00000, 550.00000, 589.00000, 257.00000,   0.39839,   0.08541,   0.15589,   0.99216,   0.48813,   0.25189,   0.31919,   1.91562,   3.65089,   0.25189,  19.06200, 312.47000,   0.25237,   0.17660
   0.00000, 177.00000, 110.00000, 527.00000, 592.00000, 261.00000,   0.33180,   0.06093,   0.20075,   0.87952,   0.71313,   0.17545,   0.35968,   1.31151,   3.28018,   0.17545,   3.01538, 107.22238,   0.34446,   0.15013
   0.00000, 177.00000, 439.00000, 545.00000, 589.00000, 282.00000,   0.43854,   0.05466,   0.06073,   1.33887,   0.14944,   0.35361,   0.23116,   6.54186,   5.71509,   0.35361,  30.24892,1754.10754,   0.10419,   0.32748
   0.00000, 177.00000, 447.00000, 587.00000, 590.00000, 269.00000,   0.55010,   0.08364,   0.15533,   0.97603,   0.65912,   0.54733,   0.13824,   1.18092,   7.33883,   0.54733,   4.37745, 109.17237,   0.27532,   0.31858
   0.00000, 177.00000, 455.00000, 580.00000, 590.00000, 273.00000,   0.63236,   0.11513,   0.05353,   1.44307,   0.16559,   2.16976,   0.18476,   5.19937,   5.84190,   2.16976,  78.08900,1448.16919,   0.12278,   0.33028
   0.00000, 177.00000, 464.00000, 568.00000, 589.00000, 267.00000,   0.45356,   0.06746,   0.06156,   1.41713,   0.15774,   0.85805,   0.24948,   5.89895,   5.19876,   0.85805,  68.21146,1475.36145,   0.13232,   0.32967
   0.00000, 177.00000,  50.00000, 684.00000, 589.00000, 484.00000,   0.44868,   0.04422,   0.09713,   1.17866,   0.21158,   0.27629,   0.22815,   4.58888,   5.32358,   0.27629,  43.61869,1174.28467,   0.17516,   0.19874
   0.00000, 177.00000,  67.00000, 757.00000, 588.00000, 416.00000,   0.56707,   0.04430,   0.11935,   1.05960,   0.39223,   0.22953,   0.28131,   2.43131,   4.32966,   0.22953,  -2.61409, 235.06462,   0.22179,   0.19977
   0.00000, 177.00000, 587.00000, 765.00000, 588.00000, 432.00000,   0.57533,   0.03746,   0.09656,   1.18872,   0.24790,   0.26127,   0.11945,   3.90269,   8.99173,   0.26127, -48.04392, 793.56384,   0.18640,   0.25185
   0.00000, 177.00000, 872.00000, 888.00000, 588.00000, 448.00000,   0.43895,   0.05944,   0.06437,   1.32375,   0.12878,   0.25204,   0.19295,   7.63955,   6.49610,   0.25204,  43.25023,1887.36157,   0.11052,   0.23591
   0.00000, 177.00000, 471.00000, 630.00000, 583.00000, 540.00000,   1.86140,   1.16870,   0.05559,   1.38880,   0.07916,   0.37543,   0.16021,  12.47346,   8.78600,   0.37543,-203.01614,5427.19971,   0.10330,   0.30036
   0.00000, 177.00000, 749.00000, 759.00000, 591.00000, 314.00000,   0.37654,   0.11281,   0.10632,   1.11902,   0.47731,   0.62696,   0.33232,   1.76948,   3.60507,   0.62696,  15.37038, 243.78307,   0.22824,   0.36451
   0.00000, 177.00000, 303.00000, 614.00000, 595.00000, 245.00000,   0.82360,   0.43782,   0.24672,   0.84502,   0.69306,   0.73565,   0.62094,   0.72501,   1.95060,   0.73565,   3.84587,  32.18308,   0.43043,   0.26030
   0.00000, 177.00000, 311.00000, 703.00000, 592.00000, 241.00000,   0.65669,   0.37589,   0.29166,   0.74125,   0.88657,   0.45775,   0.72245,   0.80868,   1.68088,   0.45775,  10.46419,  94.87508,   0.42624,   0.19552
   0.00000, 177.00000, 451.00000, 678.00000, 598.00000, 172.00000,   0.73166,   0.38614,   0.29426,   0.71055,   1.00770,   0.48505,   0.66891,   0.57108,   1.74572,   0.48505,   5.25643,  49.26608,   0.45101,   0.24181
   0.00000, 178.00000,  56.00000, 311.00000, 603.00000, 192.00000,   1.25360,   0.36061,   0.44056,   0.49496,   0.75918,   0.50924,   0.94609,   0.25394,   1.25867,   0.50924,   1.12729,   9.62209,   0.60556,   0.31226
   0.00000, 178.00000, 250.00000, 405.00000, 590.00000, 404.00000,   1.02800,   0.17419,   0.26330,   0.70106,   0.98967,   0.59963,   0.67107,   0.56137,   1.60685,   0.59963,   7.74688, 100.30831,   0.35500,   0.26716
   0.00000, 178.00000, 258.00000, 331.00000, 603.00000, 291.00000,   1.01150,   0.22634,   0.70719,   0.32153,   4.24222,   0.11286,   0.53997,   0.14805,   1.95673,   0.11286,   0.17484,   4.40786,   0.83725,   0.08203
   0.00000, 178.00000, 266.00000, 439.00000, 591.00000, 317.00000,   0.93084,   0.12942,   0.67397,   0.30122,   3.77955,   0.06593,   0.91411,   0.22954,   1.18415,   0.06593,   4.26821,  51.37246,   0.80988,   0.05558
   0.00000, 178.00000, 131.00000, 630.00000, 585.00000, 304.00000,   1.16100,   0.35023,   0.32538,   0.63260,   1.27179,   0.40473,   0.78427,   0.38659,   1.43015,   0.40473,   2.45868,  19.89431,   0.49808,   0.25298
   0.00000, 178.00000, 544.00000, 582.00000, 595.00000, 247.00000,   1.07700,   0.30097,   0.91331,   0.11438,   7.84910,   0.05689,   0.98334,   0.08451,   1.04007,   0.05689,   2.59831,  41.59854,   0.95542,   0.02892
   0.00000, 178.00000, 551.00000, 611.00000, 590.00000, 271.00000,   1.18550,   0.32266,   0.48602,   0.43588,   2.67363,   0.11551,   0.83669,   0.30274,   1.34018,   0.11551,   2.76852,  25.51639,   0.64392,   0.08841
   0.00000, 178.00000, 559.00000, 587.00000, 593.00000, 254.00000,   1.08280,   0.31261,   0.92902,   0.09958,   7.29413,   0.05160,   0.98557,   0.10254,   1.03902,   0.05160,   3.62725,  54.97076,   0.96371,   0.02224
   0.00000, 178.00000,  79.00000, 534.00000, 590.00000, 255.00000,   0.82337,   0.10846,   0.14150,   1.08678,   0.33160,   0.71868,   0.47853,   2.63711,   2.78852,   0.71868,  47.47084, 651.33148,   0.25774,   0.24942
   0.00000, 178.00000, 652.00000, 540.00000, 589.00000, 274.00000,   0.95380,   0.11934,   0.16225,   1.05315,   0.42021,   0.51771,   0.27658,   2.09213,   4.14112,   0.51771,  22.34754, 385.35999,   0.31776,   0.21034
   0.00000, 178.00000, 660.00000, 551.00000, 589.00000, 261.00000,   0.98389,   0.15257,   0.12445,   1.23138,   0.24683,   1.53042,   0.42785,   3.03442,   3.05603,   1.53042,  53.14831, 725.98840,   0.29458,   0.30796
   0.00000, 178.00000,  55.00000, 493.00000, 592.00000, 261.00000,   0.85893,   0.06476,   0.18047,   0.98471,   0.54267,   0.23572,   0.22661,   1.71862,   4.89646,   0.23572,  -1.35388, 183.77538,   0.35620,   0.19867
   0.00000, 178.00000,  87.00000, 550.00000, 589.00000, 257.00000,   0.82694,   0.12618,   0.22347,   0.80689,   0.79579,   0.16020,   0.44103,   1.17155,   2.71090,   0.16020,   8.05850, 121.77039,   0.31373,   0.11072
   0.00000, 178.00000, 110.00000, 527.00000, 592.00000, 261.00000,   0.73436,   0.06005,   0.09087,   1.23033,   0.26796,   0.33284,   0.19508,   3.56300,   5.87748,   0.33284,   8.27055, 609.04767,   0.21014,   0.28716
   0.00000, 178.00000, 439.00000, 545.00000, 589.00000, 282.00000,   0.89210,   0.07984,   0.05562,   1.37444,   0.13691,   0.35071,   0.15906,   7.13771,   7.41855,   0.35071,  -1.41622,1664.00781,   0.10361,   0.31294
   0.00000, 178.00000, 447.00000, 587.00000, 590.00000, 269.00000,   0.94793,   0.09313,   0.17882,   0.94933,   0.67259,   0.67914,   0.16798,   0.98458,   6.06629,   0.67914,   8.47722, 124.54146,   0.34620,   0.33201
   0.00000, 178.00000, 455.00000, 580.00000, 590.00000, 273.00000,   1.02670,   0.06523,   0.10850,   1.10221,   0.49249,   1.16667,   0.16864,   1.35986,   5.89825,   1.16667,   1.56339,  65.36385,   0.19210,   0.34267
   0.00000, 178.00000, 464.00000, 568.00000, 589.00000, 267.00000,   0.94139,   0.07192,   0.20656,   0.86916,   0.69866,   0.37548,   0.61520,   1.23631,   2.05304,   0.37548,  14.37015, 137.76886,   0.31514,   0.22760
   0.00000, 178.00000,  50.00000, 684.00000, 589.00000, 484.00000,   0.84187,   0.10392,   0.20197,   0.90387,   0.52707,   0.18503,   0.30073,   1.80137,   3.82764,   0.18503,  18.03623, 269.55154,   0.31496,   0.12864
   0.00000, 178.00000,  67.00000, 757.00000, 588.00000, 416.00000,   0.95420,   0.07578,   0.24201,   0.80519,   1.03257,   0.20516,   0.31843,   0.85292,   3.44200,   0.20516,   1.07475,  54.90607,   0.35611,   0.17506
   0.00000, 178.00000, 587.00000, 765.00000, 588.00000, 432.00000,   0.97355,   0.11616,   0.23012,   0.81945,   0.82780,   0.16827,   0.45056,   1.11862,   2.63173,   0.16827,  10.31482, 135.23615,   0.33028,   0.14734
   0.00000, 178.00000, 872.00000, 888.00000, 588.00000, 448.00000,   0.78053,   0.05859,   0.60356,   0.35596,   3.68092,   0.06040,   0.59391,   0.23707,   1.83605,   0.06040,   0.90849,  19.11339,   0.75454,   0.04803
   0.00000, 178.00000, 471.00000, 630.00000, 583.00000, 540.00000,   1.90510,   0.98215,   0.06325,   1.37072,   0.05024,   0.39823,   0.32131,  19.77261,   6.42186,   0.39823, 228.32614,9957.45410,   0.16659,   0.31113
   0.00000, 178.00000, 749.00000, 759.00000, 591.00000, 314.00000,   0.75189,   0.11177,   0.39965,   0.58565,   1.95478,   0.27181,   0.59983,   0.30696,   1.94655,   0.27181,   0.66903,   9.23409,   0.60402,   0.23239
   0.00000, 178.00000, 303.00000, 614.00000, 595.00000, 245.00000,   1.05500,   0.32124,   0.52211,   0.45430,   2.20211,   0.22067,   0.87257,   0.27444,   1.25751,   0.22067,   2.41545,  18.73131,   0.70196,   0.14015
   0.00000, 178.00000, 311.00000, 703.00000, 592.00000, 241.00000,   0.88174,   0.22146,   0.34178,   0.60266,   1.52146,   0.27817,   0.72029,   0.45791,   1.59822,   0.27817,   4.18975,  44.48084,   0.41902,   0.16483
   0.00000, 178.00000, 451.00000, 678.00000, 598.00000, 172.00000,   0.89012,   0.22701,   0.31660,   0.62117,   1.42268,   0.33008,   0.71801,   0.43816,   1.59895,   0.33008,   4.07988,  45.99347,   0.41075,   0.21021
   1.00000, 181.00000,  56.00000, 311.00000, 603.00000, 192.00000,   0.98328,   0.30012,   0.32249,   0.58959,   0.35269,   0.62847,   0.90008,   0.26322,   1.40510,   0.62847,   0.40186,   1.87887,   0.40872,   0.48706
   1.00000, 181.00000, 250.00000, 405.00000, 590.00000, 404.00000,   0.95911,   0.24816,   0.68638,   0.30401,   1.95847,   0.28342,   0.91365,   0.15688,   1.12615,   0.28342,   0.61643,   1.69166,   0.82131,   0.12175
   1.00000, 181.00000, 258.00000, 331.00000, 603.00000, 291.00000,   0.93766,   0.18532,   0.40313,   0.61942,   1.28338,   0.40296,   0.54662,   0.32716,   2.07158,   0.40296,   1.05539,  13.45231,   0.61099,   0.25502
   1.00000, 181.00000, 266.00000, 439.00000, 591.00000, 317.00000,   0.81757,   0.10248,   0.22765,   0.79921,   0.93749,   0.19438,   0.55146,   0.96117,   2.19925,   0.19438,   8.14652,  97.41170,   0.36428,   0.16149
   1.00000, 181.00000, 131.00000, 630.00000, 585.00000, 304.00000,   1.18560,   0.98078,   0.79604,   0.22382,   0.82403,   0.52480,   0.94181,   0.25754,   1.09438,   0.52480,   2.78760,  22.69254,   0.88962,   0.08010
   1.00000, 181.00000, 544.00000, 582.00000, 595.00000, 247.00000,   0.86704,   0.29031,   0.34177,   0.65555,   1.36221,   0.28394,   0.64692,   0.54399,   1.80906,   0.28394,   4.62987,  50.66085,   0.50847,   0.15688
   1.00000, 181.00000, 551.00000, 611.00000, 590.00000, 271.00000,   0.96297,   0.44375,   0.55481,   0.44811,   1.17930,   0.49570,   0.87778,   0.35275,   1.24629,   0.49570,   2.38675,  12.53431,   0.73096,   0.12276
   1.00000, 181.00000, 559.00000, 587.00000, 593.00000, 254.00000,   0.81513,   0.19521,   0.65094,   0.32967,   4.05135,   0.10947,   0.92136,   0.16483,   1.16631,   0.10947,   1.23276,   7.76789,   0.79757,   0.09568
   1.00000, 181.00000,  79.00000, 534.00000, 590.00000, 255.00000,   0.67802,   0.08058,   0.06043,   1.42520,   0.19563,   0.93129,   0.19763,   4.60608,   6.23521,   0.93129, -16.11000, 950.10767,   0.13842,   0.38686
   1.00000, 181.00000, 652.00000, 540.00000, 589.00000, 274.00000,   0.75504,   0.07929,   0.26414,   0.73156,   1.19959,   0.17382,   0.48938,   0.73691,   2.37378,   0.17382,   3.02282,  55.01446,   0.37007,   0.13729
   1.00000, 181.00000, 660.00000, 551.00000, 589.00000, 261.00000,   0.70036,   0.05324,   0.21391,   0.89532,   0.82437,   0.37928,   0.25072,   0.98444,   4.20724,   0.37928,   5.65839, 100.43768,   0.40000,   0.24240
   1.00000, 181.00000,  55.00000, 493.00000, 592.00000, 261.00000,   0.72897,   0.10409,   0.49030,   0.50412,   2.11503,   0.11995,   0.47884,   0.40256,   2.23858,   0.11995,   4.35365,  51.76246,   0.67358,   0.08386
   1.00000, 181.00000,  87.00000, 550.00000, 589.00000, 257.00000,   0.76001,   0.10068,   0.23120,   0.83811,   0.78491,   0.32598,   0.33636,   1.08244,   3.24775,   0.32598,  11.16348, 134.07692,   0.38810,   0.16039
   1.00000, 181.00000, 110.00000, 527.00000, 592.00000, 261.00000,   0.77238,   0.12843,   0.24510,   0.90666,   0.44727,   0.58847,   0.53386,   1.89205,   2.35440,   0.58847,  47.63485, 625.28687,   0.44140,   0.19859
   1.00000, 181.00000, 439.00000, 545.00000, 589.00000, 282.00000,   0.77376,   0.06976,   0.06521,   1.37489,   0.17143,   0.55007,   0.22213,   5.56014,   5.71608,   0.55007,  30.70554,1244.59229,   0.16663,   0.34864
   1.00000, 181.00000, 447.00000, 587.00000, 590.00000, 269.00000,   0.73003,   0.05033,   0.13084,   1.03808,   0.42667,   0.57690,   0.29461,   2.04102,   3.78268,   0.57690,  36.48561, 632.99310,   0.20421,   0.29178
   1.00000, 181.00000, 455.00000, 580.00000, 590.00000, 273.00000,   0.79783,   0.10802,   0.05250,   1.41582,   0.14150,   0.72976,   0.22351,   6.76531,   5.67030,   0.72976,   7.45282,1279.84619,   0.10248,   0.37397
   1.00000, 181.00000, 464.00000, 568.00000, 589.00000, 267.00000,   0.72852,   0.12001,   0.08424,   1.26636,   0.06302,   0.46594,   0.35030,  15.64623,   5.71075,   0.46594,  67.37069,4801.84570,   0.20140,   0.31577
   1.00000, 181.00000,  50.00000, 684.00000, 589.00000, 484.00000,   0.86964,   0.08941,   0.12550,   1.11252,   0.31651,   0.26781,   0.27834,   3.02320,   4.35918,   0.26781,  40.01815, 759.25842,   0.23266,   0.21013
   1.00000, 181.00000,  67.00000, 757.00000, 588.00000, 416.00000,   0.96024,   0.08169,   0.07594,   1.26030,   0.21243,   0.35066,   0.23506,   4.52715,   5.22940,   0.35066,  16.53915, 646.39539,   0.13084,   0.28300
   1.00000, 181.00000, 587.00000, 765.00000, 588.00000, 432.00000,   1.01160,   0.10666,   0.25042,   0.74581,   1.04165,   0.15188,   0.41623,   0.87752,   2.75592,   0.15188,   4.17175,  73.00085,   0.34308,   0.11124
   1.00000, 181.00000, 872.00000, 888.00000, 588.00000, 448.00000,   0.86806,   0.13952,   0.15775,   0.96334,   0.37581,   0.14314,   0.43825,   2.58842,   3.10771,   0.14314,  20.10908, 281.30692,   0.28979,   0.12502
   1.00000, 181.00000, 471.00000, 630.00000, 583.00000, 540.00000,   2.49710,   1.26480,   0.05891,   1.41551,   0.05691,   0.41784,   0.35826,  17.40015,   6.07282,   0.41784, 144.14615,7581.30029,   0.15930,   0.29957
   1.00000, 181.00000, 749.00000, 759.00000, 591.00000, 314.00000,   0.74040,   0.17862,   0.91498,   0.10720,   4.85522,   0.09437,   0.98250,   0.05782,   1.03242,   0.09437,   0.54122,   3.78476,   0.95625,   0.03050
   1.00000, 181.00000, 303.00000, 614.00000, 595.00000, 245.00000,   0.88137,   0.33873,   0.29433,   0.68571,   1.15890,   0.43169,   0.77791,   0.47112,   1.51972,   0.43169,   3.64550,  34.75092,   0.44237,   0.24725
   1.00000, 181.00000, 311.00000, 703.00000, 592.00000, 241.00000,   0.76296,   0.46222,   0.83725,   0.21746,   2.26139,   0.09791,   0.95869,   0.38683,   1.12646,   0.09791,  14.24562, 190.61847,   0.91432,   0.04437
   1.00000, 181.00000, 451.00000, 678.00000, 598.00000, 172.00000,   0.61821,   0.18220,   0.31928,   0.63145,   1.37619,   0.32259,   0.72398,   0.48519,   1.59918,   0.32259,   4.90479,  50.18584,   0.39617,   0.19808
   1.00000, 182.00000,  56.00000, 311.00000, 603.00000, 192.00000,   1.03940,   0.26421,   0.71955,   0.28111,   0.77517,   0.22126,   0.96379,   0.12141,   1.09782,   0.22126,   0.50653,   1.78222,   0.84294,   0.13319
   1.00000, 182.00000, 250.00000, 405.00000, 590.00000, 404.00000,   0.91588,   0.14305,   0.34699,   0.71003,   0.88962,   0.84809,   0.33292,   0.66959,   3.13150,   0.84809,   2.19422,  17.35185,   0.56374,   0.18061
   1.00000, 182.00000, 258.00000, 331.00000, 603.00000, 291.00000,   0.85683,   0.12329,   0.49347,   0.42365,   1.60401,   0.29053,   0.94222,   0.17354,   1.20875,   0.29053,   0.56042,   2.11140,   0.66149,   0.27382
   1.00000, 182.00000, 266.00000, 439.00000, 591.00000, 317.00000,   0.80102,   0.06040,   0.07994,   1.29957,   0.26444,   0.69067,   0.20956,   3.44728,   5.42258,   0.69067,   7.26068, 536.65698,   0.15872,   0.28033
   1.00000, 182.00000, 131.00000, 630.00000, 585.00000, 304.00000,   1.00510,   0.29320,   0.31150,   0.63680,   1.55072,   0.29390,   0.79051,   0.43627,   1.52265,   0.29390,   3.27085,  26.55346,   0.44728,   0.22853
   1.00000, 182.00000, 544.00000, 582.00000, 595.00000, 247.00000,   0.94547,   0.19754,   0.50097,   0.43817,   2.75612,   0.11065,   0.84680,   0.29468,   1.32435,   0.11065,   2.14328,  12.88163,   0.66615,   0.08905
   1.00000, 182.00000, 551.00000, 611.00000, 590.00000, 271.00000,   0.95674,   0.15739,   0.43910,   0.54625,   1.87204,   0.16200,   0.60748,   0.43526,   1.87384,   0.16200,   3.92626,  47.65392,   0.62631,   0.10916
   1.00000, 182.00000, 559.00000, 587.00000, 593.00000, 254.00000,   0.89979,   0.13706,   0.58032,   0.35940,   3.70265,   0.08269,   0.88039,   0.21917,   1.24408,   0.08269,   1.59976,  10.08528,   0.73576,   0.06800
   1.00000, 182.00000,  79.00000, 534.00000, 590.00000, 255.00000,   0.77189,   0.03278,   0.13725,   1.01117,   0.56259,   0.43020,   0.33620,   1.55047,   3.37091,   0.43020,   9.15979, 127.78500,   0.22867,   0.27983
   1.00000, 182.00000, 652.00000, 540.00000, 589.00000, 274.00000,   0.84732,   0.08972,   0.19032,   0.95608,   0.48941,   0.53358,   0.51788,   1.73531,   2.45988,   0.53358,  25.57838, 306.17078,   0.33300,   0.19986
   1.00000, 182.00000, 660.00000, 551.00000, 589.00000, 261.00000,   0.83699,   0.02954,   0.10344,   1.17482,   0.37538,   0.76184,   0.25691,   2.21325,   4.39045,   0.76184,  23.79485, 473.34772,   0.20774,   0.36470
   1.00000, 182.00000,  55.00000, 493.00000, 592.00000, 261.00000,   0.77402,   0.03038,   0.26567,   0.74344,   1.27898,   0.19200,   0.20517,   0.67114,   5.00407,   0.19200,   1.14396,  36.22723,   0.43365,   0.16097
   1.00000, 182.00000,  87.00000, 550.00000, 589.00000, 257.00000,   0.84045,   0.08366,   0.17649,   0.94716,   0.57520,   0.32949,   0.27287,   1.55565,   4.08042,   0.32949,   4.83115, 164.21231,   0.29478,   0.16045
   1.00000, 182.00000, 110.00000, 527.00000, 592.00000, 261.00000,   0.80181,   0.06326,   0.22919,   0.85986,   0.79355,   0.23445,   0.25008,   1.13035,   4.27133,   0.23445,   6.49871,  95.85162,   0.41052,   0.16318
   1.00000, 182.00000, 439.00000, 545.00000, 589.00000, 282.00000,   0.89160,   0.06481,   0.24581,   0.84062,   0.85553,   0.35349,   0.24332,   0.95788,   4.34490,   0.35349,   4.05641,  95.85207,   0.38074,   0.19597
   1.00000, 182.00000, 447.00000, 587.00000, 590.00000, 269.00000,   0.88942,   0.03793,   0.64528,   0.42441,   0.97761,   0.52056,   0.51767,   0.55069,   2.05865,   0.52056,  15.36208, 225.51846,   0.79992,   0.13312
   1.00000, 182.00000, 455.00000, 580.00000, 590.00000, 273.00000,   0.88099,   0.03694,   0.16609,   0.93002,   0.65238,   0.73346,   0.46234,   1.08909,   2.59414,   0.73346,   5.31872,  94.82516,   0.30814,   0.26528
   1.00000, 182.00000, 464.00000, 568.00000, 589.00000, 267.00000,   0.85165,   0.03024,   0.06173,   1.32590,   0.22961,   0.60965,   0.18923,   4.05962,   6.07848,   0.60965,  -9.39662, 538.38922,   0.11233,   0.39283
   1.00000, 182.00000,  50.00000, 684.00000, 589.00000, 484.00000,   0.78859,   0.04064,   0.12317,   1.07892,   0.34100,   0.19746,   0.14151,   2.83565,   7.53882,   0.19746,   0.53115, 429.08841,   0.19847,   0.19305
   1.00000, 182.00000,  67.00000, 757.00000, 588.00000, 416.00000,   0.90478,   0.05159,   0.11306,   1.15868,   0.19174,   0.22696,   0.13699,   5.10859,   8.48343,   0.22696,-112.69078,1728.17688,   0.21064,   0.21940
   1.00000, 182.00000, 587.00000, 765.00000, 588.00000, 432.00000,   0.86514,   0.05469,   0.04954,   1.42908,   0.09843,   0.33027,   0.14039,   9.99614,   8.84722,   0.33027,-100.48754,3325.28418,   0.09354,   0.31450
   1.00000, 182.00000, 872.00000, 888.00000, 588.00000, 448.00000,   0.70188,   0.05133,   0.08072,   1.31063,   0.12894,   0.24490,   0.19937,   7.63422,   7.13338,   0.24490, -58.84515,2731.51562,   0.20474,   0.23097
   1.00000, 182.00000, 471.00000, 630.00000, 583.00000, 540.00000,   1.90940,   0.89682,   0.04587,   1.43542,   0.06118,   0.33586,   0.18928,  16.20131,   7.88103,   0.33586,  27.78085,7018.76123,   0.09873,   0.29453
   1.00000, 182.00000, 749.00000, 759.00000, 591.00000, 314.00000,   0.67824,   0.08931,   0.08333,   1.25905,   0.35702,   1.35401,   0.24565,   2.04000,   4.88458,   1.35401,  -5.47583, 188.16692,   0.16426,   0.33880
   1.00000, 182.00000, 303.00000, 614.00000, 595.00000, 245.00000,   0.97255,   0.24523,   0.74584,   0.27223,   3.90251,   0.11902,   0.94115,   0.16288,   1.12497,   0.11902,   1.87004,  14.50961,   0.86012,   0.06584
   1.00000, 182.00000, 311.00000, 703.00000, 592.00000, 241.00000,   0.76889,   0.16570,   0.92389,   0.10774,   6.75541,   0.07377,   0.98521,   0.07788,   1.03766,   0.07377,   1.31610,  11.73555,   0.96103,   0.02595
   1.00000, 182.00000, 451.00000, 678.00000, 598.00000, 172.00000,   0.70440,   0.15745,   0.93452,   0.09321,   9.09479,   0.05499,   0.98743,   0.05719,   1.03075,   0.05499,   0.82107,   6.49755,   0.96659,   0.02240
   1.00000, 189.00000,  56.00000, 311.00000, 603.00000, 192.00000,   1.25680,   0.21046,   0.36851,   0.54759,   0.66612,   0.58966,   0.93361,   0.25870,   1.33318,   0.58966,   0.61991,   2.38231,   0.48036,   0.42060
   1.00000, 189.00000, 250.00000, 405.00000, 590.00000, 404.00000,   1.21830,   0.12721,   0.16045,   1.01315,   0.15467,   2.48974,   0.27913,   1.23475,   3.64045,   2.48974,   4.49733,  36.97523,   0.26734,   0.28992
   1.00000, 189.00000, 258.00000, 331.00000, 603.00000, 291.00000,   1.13520,   0.08400,   0.27828,   0.65763,   1.61762,   0.31104,   0.43699,   0.35820,   2.41225,   0.31104,   0.27266,   8.39476,   0.40018,   0.27662
   1.00000, 189.00000, 266.00000, 439.00000, 591.00000, 317.00000,   1.13650,   0.04479,   0.10285,   1.17088,   0.37003,   0.52813,   0.20480,   2.41315,   5.37598,   0.52813,   8.64332, 200.45615,   0.20574,   0.27439
   1.00000, 189.00000, 131.00000, 630.00000, 585.00000, 304.00000,   1.33100,   0.24391,   0.43639,   0.50849,   2.16244,   0.22086,   0.85764,   0.28285,   1.32088,   0.22086,   1.66798,  10.25178,   0.62089,   0.17766
   1.00000, 189.00000, 544.00000, 582.00000, 595.00000, 247.00000,   1.22830,   0.18272,   0.59991,   0.36675,   3.20470,   0.10154,   0.89428,   0.24831,   1.23215,   0.10154,   2.83778,  25.62131,   0.75625,   0.07528
   1.00000, 189.00000, 551.00000, 611.00000, 590.00000, 271.00000,   1.24550,   0.16343,   0.47226,   0.46632,   2.24766,   0.13324,   0.83814,   0.36441,   1.36816,   0.13324,   4.32302,  48.14469,   0.63612,   0.09088
   1.00000, 189.00000, 559.00000, 587.00000, 593.00000, 254.00000,   1.20300,   0.11548,   0.57355,   0.37104,   3.64130,   0.08615,   0.88016,   0.22116,   1.24387,   0.08615,   1.61253,   9.77484,   0.73291,   0.07824
   1.00000, 189.00000,  79.00000, 534.00000, 590.00000, 255.00000,   1.12100,   0.05082,   0.15237,   1.02864,   0.42777,   0.39255,   0.34986,   2.13856,   3.42524,   0.39255,  22.70177, 366.14001,   0.24859,   0.22744
   1.00000, 189.00000, 652.00000, 540.00000, 589.00000, 274.00000,   1.18870,   0.07372,   0.12152,   1.15898,   0.32019,   0.51092,   0.32178,   2.84518,   3.81603,   0.51092,  36.56623, 569.27698,   0.21733,   0.25751
   1.00000, 189.00000, 660.00000, 551.00000, 589.00000, 261.00000,   1.23600,   0.07713,   0.07523,   1.39285,   0.19736,   1.67993,   0.37382,   4.02648,   3.54138,   1.67993,  69.83084,1068.93152,   0.18371,   0.37986
   1.00000, 189.00000,  55.00000, 493.00000, 592.00000, 261.00000,   1.06090,   0.04272,   0.11089,   1.15134,   0.26396,   0.27706,   0.16490,   3.64858,   6.55528,   0.27706,  37.09023, 594.80621,   0.21705,   0.22605
   1.00000, 189.00000,  87.00000, 550.00000, 589.00000, 257.00000,   1.14100,   0.07520,   0.15438,   1.03702,   0.44915,   0.34781,   0.28991,   2.03804,   3.92355,   0.34781,  22.22023, 317.71457,   0.25434,   0.20795
   1.00000, 189.00000, 110.00000, 527.00000, 592.00000, 261.00000,   1.06820,   0.05293,   0.11378,   1.17888,   0.30068,   0.35548,   0.24142,   3.14294,   4.89823,   0.35548,  19.46946, 572.22772,   0.26004,   0.25863
   1.00000, 189.00000, 439.00000, 545.00000, 589.00000, 282.00000,   1.20990,   0.04530,   0.16392,   1.03523,   0.47275,   0.33678,   0.20351,   1.94260,   5.38554,   0.33678,   1.07181, 292.57614,   0.32121,   0.24264
   1.00000, 189.00000, 447.00000, 587.00000, 590.00000, 269.00000,   1.19840,   0.03433,   0.12721,   1.08578,   0.41951,   1.02208,   0.32425,   1.69063,   3.43141,   1.02208,  20.43923, 279.67383,   0.26005,   0.35951
   1.00000, 189.00000, 455.00000, 580.00000, 590.00000, 273.00000,   1.19000,   0.05473,   0.08583,   1.26779,   0.12643,   5.25157,   0.28209,   2.85842,   3.93420,   5.25157,   3.59502, 156.24229,   0.17567,   0.25049
   1.00000, 189.00000, 464.00000, 568.00000, 589.00000, 267.00000,   1.14230,   0.06770,   0.18405,   0.98435,   0.35284,   0.59335,   0.55025,   2.54558,   2.41605,   0.59335,  77.81053,1203.03076,   0.33553,   0.24590
   1.00000, 189.00000,  50.00000, 684.00000, 589.00000, 484.00000,   1.09350,   0.03535,   0.09245,   1.24655,   0.19632,   0.25690,   0.15509,   4.97274,   7.28670,   0.25690,  26.70631,1507.89233,   0.21405,   0.25330
   1.00000, 189.00000,  67.00000, 757.00000, 588.00000, 416.00000,   1.19720,   0.02959,   0.11857,   1.17124,   0.29115,   0.34317,   0.26269,   3.25918,   4.87191,   0.34317,  -7.02989, 493.41998,   0.28857,   0.28589
   1.00000, 189.00000, 587.00000, 765.00000, 588.00000, 432.00000,   1.17530,   0.03332,   0.08236,   1.24412,   0.21505,   0.31879,   0.12918,   4.49527,   8.72649,   0.31879, -62.44454,1247.91528,   0.14627,   0.29981
   1.00000, 189.00000, 872.00000, 888.00000, 588.00000, 448.00000,   1.14280,   0.05514,   0.12982,   1.07985,   0.34668,   0.22056,   0.27478,   2.77151,   4.32168,   0.22056,  22.82315, 380.78156,   0.24676,   0.19227
   1.00000, 189.00000, 471.00000, 630.00000, 583.00000, 540.00000,   2.05490,   0.83861,   0.07699,   1.32393,   0.05477,   0.35444,   0.25735,  18.13377,   6.44847,   0.35444, 339.84308,9358.32324,   0.17205,   0.28528
   1.00000, 189.00000, 749.00000, 759.00000, 591.00000, 314.00000,   1.01500,   0.06376,   0.14687,   0.97876,   0.78914,   0.64664,   0.34617,   0.82558,   3.28273,   0.64664,   2.30398,  31.99862,   0.24917,   0.37461
   1.00000, 189.00000, 303.00000, 614.00000, 595.00000, 245.00000,   1.29040,   0.24806,   0.49880,   0.46845,   1.92638,   0.22551,   0.84961,   0.35499,   1.31255,   0.22551,   4.49919,  47.11739,   0.67375,   0.11096
   1.00000, 189.00000, 311.00000, 703.00000, 592.00000, 241.00000,   1.10880,   0.17882,   0.46119,   0.51199,   1.63357,   0.17858,   0.82166,   0.50355,   1.41613,   0.17858,   6.93982,  62.34884,   0.63053,   0.09499
   1.00000, 189.00000, 451.00000, 678.00000, 598.00000, 172.00000,   1.11720,   0.18345,   0.39946,   0.61507,   1.10481,   0.33548,   0.79616,   0.68325,   1.49698,   0.33548,   9.80239,  85.76624,   0.58216,   0.13658
   1.00000, 239.00000,  56.00000, 311.00000, 603.00000, 192.00000,   1.38110,   0.41207,   0.29575,   0.68993,   0.49356,   0.98108,   0.87184,   0.38541,   1.58070,   0.98108,   1.31587,   7.70785,   0.46512,   0.54978
   1.00000, 239.00000, 250.00000, 405.00000, 590.00000, 404.00000,   1.03520,   0.17783,   0.10353,   1.26660,   0.14101,   3.92496,   0.29080,   4.83275,   4.08334,   3.92496, 118.12692,1883.70764,   0.26177,   0.29446
   1.00000, 239.00000, 258.00000, 331.00000, 603.00000, 291.00000,   0.94531,   0.15306,   0.17767,   0.96289,   0.72927,   0.81352,   0.39993,   0.76895,   3.00685,   0.81352,   2.64755,  41.35238,   0.35357,   0.36211
   1.00000, 239.00000, 266.00000, 439.00000, 591.00000, 317.00000,   0.85519,   0.10369,   0.03857,   1.57471,   0.08499,   3.81855,   0.20377,  10.14828,   7.59206,   3.81855,  75.08184,3161.10010,   0.08375,   0.27611
   1.00000, 239.00000, 131.00000, 630.00000, 585.00000, 304.00000,   1.21580,   0.24251,   0.29898,   0.76463,   1.05935,   0.49083,   0.58837,   0.48115,   2.01712,   0.49083,   2.22522,  18.42685,   0.51171,   0.30542
   1.00000, 239.00000, 544.00000, 582.00000, 595.00000, 247.00000,   1.13100,   0.31575,   0.33966,   0.63263,   1.40751,   0.25494,   0.70287,   0.54439,   1.68494,   0.25494,   4.11305,  39.33900,   0.42285,   0.13476
   1.00000, 239.00000, 551.00000, 611.00000, 590.00000, 271.00000,   1.09380,   0.31702,   0.22774,   0.86403,   0.71457,   0.36737,   0.57626,   1.18472,   2.19288,   0.36737,  14.64538, 153.54692,   0.39844,   0.20220
   1.00000, 239.00000, 559.00000, 587.00000, 593.00000, 254.00000,   1.00190,   0.20892,   0.65067,   0.34691,   3.16110,   0.09340,   0.90224,   0.25975,   1.21030,   0.09340,   2.95735,  17.67669,   0.79642,   0.06847
   1.00000, 239.00000,  79.00000, 534.00000, 590.00000, 255.00000,   0.87706,   0.04705,   0.11545,   1.18745,   0.32784,   0.91514,   0.36177,   2.50211,   3.43587,   0.91514,  33.21677, 567.58459,   0.22953,   0.31638
   1.00000, 239.00000, 652.00000, 540.00000, 589.00000, 274.00000,   0.90512,   0.04781,   0.11505,   1.19369,   0.33567,   0.74126,   0.29719,   2.55059,   3.95612,   0.74126,  29.84954, 444.10690,   0.24402,   0.30225
   1.00000, 239.00000, 660.00000, 551.00000, 589.00000, 261.00000,   0.87337,   0.04929,   0.06800,   1.48733,   0.16325,   1.89893,   0.31026,   4.97389,   4.22029,   1.89893,  62.77593,1050.50854,   0.21133,   0.38557
   1.00000, 239.00000,  55.00000, 493.00000, 592.00000, 261.00000,   0.82502,   0.04480,   0.11551,   1.14870,   0.34284,   0.39898,   0.27911,   2.70401,   4.26642,   0.39898,  24.91131, 471.44614,   0.20327,   0.25117
   1.00000, 239.00000,  87.00000, 550.00000, 589.00000, 257.00000,   0.86049,   0.04330,   0.18275,   0.93823,   0.70956,   0.38688,   0.33657,   1.17906,   3.29999,   0.38688,   8.14734, 107.55262,   0.29665,   0.22608
   1.00000, 239.00000, 110.00000, 527.00000, 592.00000, 261.00000,   0.82774,   0.04453,   0.12168,   1.13036,   0.41626,   0.52772,   0.28481,   2.10199,   4.03112,   0.52772,  16.37300, 296.72385,   0.24313,   0.28127
   1.00000, 239.00000, 439.00000, 545.00000, 589.00000, 282.00000,   0.89085,   0.02590,   0.11666,   1.14658,   0.35355,   0.48299,   0.24810,   2.57459,   4.60805,   0.48299,  12.21985, 305.87766,   0.22773,   0.32112
   1.00000, 239.00000, 447.00000, 587.00000, 590.00000, 269.00000,   0.88572,   0.05129,   0.30481,   0.80703,   0.77863,   0.47464,   0.18979,   1.02265,   5.36847,   0.47464,  18.37092, 215.66307,   0.52486,   0.24921
   1.00000, 239.00000, 455.00000, 580.00000, 590.00000, 273.00000,   0.95436,   0.08561,   0.06353,   1.41087,   0.18520,   2.83548,   0.14506,   4.08805,   7.03603,   2.83548,  45.39561, 773.69690,   0.13980,   0.31668
   1.00000, 239.00000, 464.00000, 568.00000, 589.00000, 267.00000,   0.86280,   0.04763,   0.08442,   1.28773,   0.26576,   0.87535,   0.34852,   3.26887,   3.69449,   0.87535,  37.24854, 601.62225,   0.16371,   0.32481
   1.00000, 239.00000,  50.00000, 684.00000, 589.00000, 484.00000,   0.75551,   0.04749,   0.06565,   1.33506,   0.05844,   0.29135,   0.24316,  16.97600,   7.04542,   0.29135,  12.93459,6046.49268,   0.11484,   0.27399
   1.00000, 239.00000,  67.00000, 757.00000, 588.00000, 416.00000,   0.74283,   0.01635,   0.13592,   1.04027,   0.25375,   0.52525,   0.15243,   3.66486,   7.26788,   0.52525, -12.84215, 743.15540,   0.24320,   0.18093
   1.00000, 239.00000, 587.00000, 765.00000, 588.00000, 432.00000,   0.75288,   0.01793,   0.16012,   1.01465,   0.42727,   0.24877,   0.15769,   2.21299,   6.85596,   0.24877,  -3.85640, 534.82153,   0.30021,   0.24273
   1.00000, 239.00000, 872.00000, 888.00000, 588.00000, 448.00000,   0.76326,   0.02311,   0.22365,   0.92897,   0.54984,   0.19626,   0.17438,   1.71778,   6.13392,   0.19626,  -2.42118, 235.64232,   0.43164,   0.18063
   1.00000, 239.00000, 471.00000, 630.00000, 583.00000, 540.00000,   1.57360,   0.56174,   0.04376,   1.44370,   0.05552,   0.47428,   0.25766,  17.84039,   7.50508,   0.47428,  13.73466,8860.24609,   0.09615,   0.32102
   1.00000, 239.00000, 749.00000, 759.00000, 591.00000, 314.00000,   0.76199,   0.08827,   0.26695,   0.82061,   0.58455,   0.55844,   0.41196,   1.37612,   2.72482,   0.55844,  40.39207, 600.72845,   0.46894,   0.21443
   1.00000, 239.00000, 303.00000, 614.00000, 595.00000, 245.00000,   1.27880,   0.37855,   0.24758,   0.75641,   1.11675,   0.44966,   0.74493,   0.50796,   1.62808,   0.44966,   2.61103,  16.92854,   0.36064,   0.28817
   1.00000, 239.00000, 311.00000, 703.00000, 592.00000, 241.00000,   1.11460,   0.32372,   0.28384,   0.73203,   1.01457,   0.42494,   0.69106,   0.67608,   1.72305,   0.42494,   6.81176,  62.45170,   0.38306,   0.20669
   1.00000, 239.00000, 451.00000, 678.00000, 598.00000, 172.00000,   1.27390,   0.30456,   0.41047,   0.65896,   1.07956,   0.41338,   0.56220,   0.61529,   2.01816,   0.41338,   7.09032,  69.78046,   0.62003,   0.17365
   1.00000, 258.00000,  56.00000, 311.00000, 603.00000, 192.00000,   1.06130,   0.33104,   0.46477,   0.49631,   0.72610,   0.53380,   0.94439,   0.28257,   1.24822,   0.53380,   1.32810,   6.47405,   0.64061,   0.28050
   1.00000, 258.00000, 250.00000, 405.00000, 590.00000, 404.00000,   0.82048,   0.12756,   0.08718,   1.29153,   0.16658,   3.60574,   0.27027,   2.50376,   3.99441,   3.60574,  21.03115, 206.52385,   0.21709,   0.27680
   1.00000, 258.00000, 258.00000, 331.00000, 603.00000, 291.00000,   0.74795,   0.14576,   0.47794,   0.52319,   1.80698,   0.28112,   0.59430,   0.26596,   1.88167,   0.28112,   1.58877,  18.85938,   0.67206,   0.22609
   1.00000, 258.00000, 266.00000, 439.00000, 591.00000, 317.00000,   0.65822,   0.08332,   0.07657,   1.30182,   0.22198,   0.72441,   0.22832,   4.18025,   5.42018,   0.72441,  60.68569,1186.24609,   0.15316,   0.29762
   1.00000, 258.00000, 131.00000, 630.00000, 585.00000, 304.00000,   1.06950,   0.33442,   0.34868,   0.62504,   1.28898,   0.38876,   0.81915,   0.39962,   1.41775,   0.38876,   2.55991,  18.22485,   0.53193,   0.22766
   1.00000, 258.00000, 544.00000, 582.00000, 595.00000, 247.00000,   0.92859,   0.27698,   0.43847,   0.50402,   2.01389,   0.15385,   0.80451,   0.40136,   1.42414,   0.15385,   3.66775,  30.83123,   0.59396,   0.09394
   1.00000, 258.00000, 551.00000, 611.00000, 590.00000, 271.00000,   0.94089,   0.21693,   0.33383,   0.61705,   1.54260,   0.20412,   0.71651,   0.52361,   1.66138,   0.20412,   5.34629,  61.30408,   0.41748,   0.13854
   1.00000, 258.00000, 559.00000, 587.00000, 593.00000, 254.00000,   0.89074,   0.17040,   0.74036,   0.25933,   4.84030,   0.06565,   0.93526,   0.16542,   1.13852,   0.06565,   2.03272,  16.19869,   0.85504,   0.04772
   1.00000, 258.00000,  79.00000, 534.00000, 590.00000, 255.00000,   0.80309,   0.06103,   0.14335,   0.99956,   0.55991,   0.53086,   0.48256,   1.46926,   2.62568,   0.53086,   9.54846, 144.23013,   0.23662,   0.25772
   1.00000, 258.00000, 652.00000, 540.00000, 589.00000, 274.00000,   0.80928,   0.08642,   0.29307,   0.75194,   1.04716,   0.32874,   0.54861,   0.74504,   2.12648,   0.32874,   7.00821,  84.01777,   0.48820,   0.17240
   1.00000, 258.00000, 660.00000, 551.00000, 589.00000, 261.00000,   0.79773,   0.08122,   0.37494,   0.56417,   1.22693,   0.34011,   0.76092,   0.59476,   1.54168,   0.34011,  12.36152, 191.32146,   0.47974,   0.12576
   1.00000, 258.00000,  55.00000, 493.00000, 592.00000, 261.00000,   0.72384,   0.06949,   0.35855,   0.60452,   1.73689,   0.14712,   0.60681,   0.48962,   1.89721,   0.14712,   2.42121,  31.04900,   0.53345,   0.10770
   1.00000, 258.00000,  87.00000, 550.00000, 589.00000, 257.00000,   0.77646,   0.08109,   0.28067,   0.75132,   1.16975,   0.30111,   0.44374,   0.66094,   2.49919,   0.30111,   4.51791,  55.25723,   0.41466,   0.18220
   1.00000, 258.00000, 110.00000, 527.00000, 592.00000, 261.00000,   0.73271,   0.06909,   0.28669,   0.72017,   1.26288,   0.26494,   0.47230,   0.62442,   2.38328,   0.26494,   2.67091,  40.58984,   0.41218,   0.15856
   1.00000, 258.00000, 439.00000, 545.00000, 589.00000, 282.00000,   0.82431,   0.09696,   0.18754,   0.92601,   0.55596,   0.55416,   0.51444,   1.45595,   2.44581,   0.55416,  18.56631, 252.28075,   0.29464,   0.20508
   1.00000, 258.00000, 447.00000, 587.00000, 590.00000, 269.00000,   0.80513,   0.05197,   0.23676,   0.77098,   1.30202,   0.36573,   0.15474,   0.48789,   6.53245,   0.36573,   1.52575,  13.02901,   0.36552,   0.31919
   1.00000, 258.00000, 455.00000, 580.00000, 590.00000, 273.00000,   0.81498,   0.07188,   0.08311,   1.25112,   0.31767,   0.68317,   0.23156,   2.78245,   5.05220,   0.68317,  -1.58995, 340.71304,   0.17119,   0.32226
   1.00000, 258.00000, 464.00000, 568.00000, 589.00000, 267.00000,   0.73596,   0.04934,   0.08892,   1.24475,   0.29425,   0.71871,   0.34158,   2.99821,   3.86499,   0.71871,  15.41185, 424.43924,   0.20828,   0.33362
   1.00000, 258.00000,  50.00000, 684.00000, 589.00000, 484.00000,   0.68451,   0.04027,   0.12374,   1.13602,   0.24716,   0.22794,   0.18393,   3.93509,   6.29764,   0.22794,  42.37539,1347.22314,   0.24983,   0.22137
   1.00000, 258.00000,  67.00000, 757.00000, 588.00000, 416.00000,   0.77711,   0.05567,   0.08816,   1.28825,   0.11515,   0.30691,   0.11554,   8.54742,  10.27977,   0.30691,-228.47000,4156.47705,   0.20193,   0.28826
   1.00000, 258.00000, 587.00000, 765.00000, 588.00000, 432.00000,   0.75099,   0.06199,   0.08211,   1.29237,   0.10516,   0.24494,   0.12275,   9.39038,   9.66788,   0.24494,-171.99538,3365.83838,   0.20655,   0.23798
   1.00000, 258.00000, 872.00000, 888.00000, 588.00000, 448.00000,   0.60219,   0.03712,   0.30226,   0.68755,   1.31511,   0.12511,   0.48140,   0.69274,   2.37852,   0.12511,   3.13643,  35.94469,   0.46483,   0.10628
   1.00000, 258.00000, 471.00000, 630.00000, 583.00000, 540.00000,   1.63420,   0.77151,   0.05274,   1.39320,   0.06309,   0.41955,   0.18008,  15.69415,   8.16025,   0.41955, -75.76316,6141.03857,   0.10027,   0.32116
   1.00000, 258.00000, 749.00000, 759.00000, 591.00000, 314.00000,   0.63619,   0.09093,   0.13683,   1.04469,   0.59639,   0.70321,   0.29180,   1.28372,   3.92115,   0.70321,  13.44962, 192.72537,   0.23738,   0.36774
   1.00000, 258.00000, 303.00000, 614.00000, 595.00000, 245.00000,   1.06120,   0.36956,   0.53437,   0.46472,   1.76012,   0.28192,   0.89523,   0.31429,   1.25342,   0.28192,   3.03518,  20.81061,   0.71481,   0.14630
   1.00000, 258.00000, 311.00000, 703.00000, 592.00000, 241.00000,   0.92119,   0.30216,   0.51544,   0.48424,   1.53706,   0.28813,   0.86570,   0.43544,   1.30977,   0.28813,   6.28678,  55.56184,   0.69552,   0.12107
   1.00000, 258.00000, 451.00000, 678.00000, 598.00000, 172.00000,   0.92292,   0.27149,   0.53067,   0.48286,   1.34035,   0.32445,   0.86976,   0.50794,   1.31238,   0.32445,   9.15430,  93.09738,   0.70987,   0.11677
   2.00000, 187.00000,  56.00000, 311.00000, 603.00000, 192.00000,   1.09270,   0.26597,   0.84245,   0.17076,   1.21278,   0.13025,   0.98636,   0.06861,   1.05165,   0.13025,   0.27608,   0.80786,   0.91628,   0.07243
   2.00000, 187.00000, 250.00000, 405.00000, 590.00000, 404.00000,   0.97439,   0.14911,   0.16419,   0.97348,   0.46297,   1.24763,   0.31124,   1.48255,   3.57989,   1.24763,  10.34448, 107.92000,   0.25491,   0.27640
   2.00000, 187.00000, 258.00000, 331.00000, 603.00000, 291.00000,   0.87815,   0.09805,   0.19405,   0.83225,   0.78685,   0.83442,   0.43900,   0.53964,   2.62912,   0.83442,   1.04836,  15.43946,   0.29561,   0.36156
   2.00000, 187.00000, 266.00000, 439.00000, 591.00000, 317.00000,   0.83332,   0.05359,   0.09659,   1.23175,   0.26873,   0.59634,   0.16388,   3.41111,   6.56867,   0.59634,  56.67846, 821.54462,   0.20932,   0.29156
   2.00000, 187.00000, 131.00000, 630.00000, 585.00000, 304.00000,   1.07310,   0.23801,   0.30444,   0.64443,   1.56016,   0.30607,   0.71056,   0.40083,   1.60235,   0.30607,   2.04832,  19.64785,   0.39457,   0.21543
   2.00000, 187.00000, 544.00000, 582.00000, 595.00000, 247.00000,   1.01090,   0.24293,   0.77402,   0.24083,   4.48635,   0.10380,   0.95190,   0.14060,   1.10520,   0.10380,   1.83892,  15.87761,   0.87704,   0.06278
   2.00000, 187.00000, 551.00000, 611.00000, 590.00000, 271.00000,   1.06670,   0.23446,   0.58167,   0.37303,   2.57802,   0.11527,   0.87539,   0.31756,   1.27184,   0.11527,   4.80595,  53.14446,   0.73574,   0.05672
   2.00000, 187.00000, 559.00000, 587.00000, 593.00000, 254.00000,   0.98367,   0.16812,   0.90004,   0.11995,  10.78924,   0.03769,   0.97733,   0.06647,   1.04672,   0.03769,   1.00821,   8.71412,   0.94819,   0.02322
   2.00000, 187.00000,  79.00000, 534.00000, 590.00000, 255.00000,   0.85321,   0.05817,   0.22119,   0.90477,   0.58845,   0.55076,   0.39333,   1.37372,   2.86526,   0.55076,  27.34969, 361.96075,   0.33300,   0.22987
   2.00000, 187.00000, 652.00000, 540.00000, 589.00000, 274.00000,   0.94589,   0.11141,   0.12677,   1.20025,   0.24383,   0.64408,   0.29874,   3.75528,   4.16385,   0.64408,  66.55193,1028.75171,   0.26468,   0.26351
   2.00000, 187.00000, 660.00000, 551.00000, 589.00000, 261.00000,   0.98140,   0.11365,   0.09018,   1.35083,   0.20053,   1.22186,   0.28097,   4.31695,   4.34480,   1.22186,  71.31369,1131.59924,   0.23792,   0.35859
   2.00000, 187.00000,  55.00000, 493.00000, 592.00000, 261.00000,   0.74280,   0.05127,   0.09251,   1.22492,   0.19185,   0.27310,   0.27128,   5.07755,   4.77851,   0.27310,  68.24915,1263.16931,   0.19138,   0.22792
   2.00000, 187.00000,  87.00000, 550.00000, 589.00000, 257.00000,   0.86003,   0.09360,   0.14685,   1.07046,   0.35275,   0.40640,   0.38191,   2.61745,   3.29706,   0.40640,  49.55669, 761.90686,   0.24105,   0.21541
   2.00000, 187.00000, 110.00000, 527.00000, 592.00000, 261.00000,   0.77209,   0.08721,   0.14417,   1.02199,   0.32622,   0.33840,   0.48303,   2.89062,   2.97625,   0.33840,  31.56062, 493.96994,   0.22427,   0.16381
   2.00000, 187.00000, 439.00000, 545.00000, 589.00000, 282.00000,   0.89676,   0.06318,   0.30622,   0.74953,   0.75988,   0.22614,   0.38160,   1.20988,   2.91905,   0.22614,  25.03600, 330.32001,   0.46509,   0.14124
   2.00000, 187.00000, 447.00000, 587.00000, 590.00000, 269.00000,   0.86859,   0.06078,   0.50800,   0.56163,   0.92969,   0.54721,   0.19843,   0.58401,   5.11585,   0.54721,  11.91915, 151.25531,   0.70391,   0.18574
   2.00000, 187.00000, 455.00000, 580.00000, 590.00000, 273.00000,   0.91374,   0.04830,   0.19667,   0.91575,   0.68720,   0.77922,   0.21696,   0.95092,   4.61437,   0.77922,  13.36015, 170.53384,   0.32452,   0.26656
   2.00000, 187.00000, 464.00000, 568.00000, 589.00000, 267.00000,   0.92569,   0.06724,   0.12291,   1.18204,   0.27018,   1.25501,   0.49812,   2.92145,   2.70248,   1.25501,  61.60508, 791.37390,   0.25104,   0.34109
   2.00000, 187.00000,  50.00000, 684.00000, 589.00000, 484.00000,   0.87928,   0.03356,   0.14209,   1.12038,   0.26453,   0.23222,   0.12387,   3.66469,   8.77362,   0.23222, -36.08246,1022.40851,   0.32199,   0.22218
   2.00000, 187.00000,  67.00000, 757.00000, 588.00000, 416.00000,   0.92670,   0.05013,   0.07683,   1.33361,   0.11677,   0.41988,   0.12377,   8.35102,   9.48778,   0.41988,-161.66463,2902.39990,   0.19073,   0.31798
   2.00000, 187.00000, 587.00000, 765.00000, 588.00000, 432.00000,   0.87774,   0.05695,   0.05155,   1.41154,   0.11354,   0.30234,   0.14386,   8.65719,   8.33532,   0.30234,  -7.14700,2677.58472,   0.08903,   0.29023
   2.00000, 187.00000, 872.00000, 888.00000, 588.00000, 448.00000,   0.78061,   0.03619,   0.10470,   1.18045,   0.23613,   0.26133,   0.15519,   4.10347,   7.27835,   0.26133, -35.92662, 762.51001,   0.19879,   0.21936
   2.00000, 187.00000, 471.00000, 630.00000, 583.00000, 540.00000,   2.08260,   1.19360,   0.09680,   1.30053,   0.05525,   0.27716,   0.28801,  17.99438,   6.13890,   0.27716, 337.69537,9526.54590,   0.26842,   0.23167
   2.00000, 187.00000, 749.00000, 759.00000, 591.00000, 314.00000,   0.72778,   0.07892,   0.18071,   0.91032,   0.90199,   0.49066,   0.39627,   0.83805,   2.97294,   0.49066,   4.28772,  52.33915,   0.33296,   0.30912
   2.00000, 187.00000, 303.00000, 614.00000, 595.00000, 245.00000,   0.99957,   0.23340,   0.60152,   0.39509,   2.18649,   0.22847,   0.90217,   0.24434,   1.20574,   0.22847,   1.94499,  11.11191,   0.76406,   0.11006
   2.00000, 187.00000, 311.00000, 703.00000, 592.00000, 241.00000,   0.85832,   0.21729,   0.50978,   0.46410,   1.94136,   0.20942,   0.85842,   0.36868,   1.31386,   0.20942,   4.28383,  33.82523,   0.68405,   0.10662
   2.00000, 187.00000, 451.00000, 678.00000, 598.00000, 172.00000,   0.86138,   0.23381,   0.77174,   0.26841,   2.47454,   0.18150,   0.94566,   0.26710,   1.13367,   0.18150,   5.23380,  48.85308,   0.87627,   0.05928
   2.00000, 188.00000,  56.00000, 311.00000, 603.00000, 192.00000,   0.85494,   0.24760,   0.52985,   0.42849,   0.36696,   0.40400,   0.95116,   0.20542,   1.18866,   0.40400,   0.68291,   2.49132,   0.69989,   0.25117
   2.00000, 188.00000, 250.00000, 405.00000, 590.00000, 404.00000,   0.92758,   0.27503,   0.59677,   0.41319,   1.47727,   0.43910,   0.52517,   0.25685,   2.06420,   0.43910,   0.92355,   3.29128,   0.76311,   0.17670
   2.00000, 188.00000, 258.00000, 331.00000, 603.00000, 291.00000,   0.76260,   0.10524,   0.22418,   0.83890,   0.87510,   0.67507,   0.43158,   0.71119,   2.59344,   0.67507,   1.59445,  15.64377,   0.39093,   0.28998
   2.00000, 188.00000, 266.00000, 439.00000, 591.00000, 317.00000,   0.76927,   0.08807,   0.08724,   1.26802,   0.23811,   0.98546,   0.15155,   3.69393,   7.20383,   0.98546,   9.72481, 521.40845,   0.19336,   0.22817
   2.00000, 188.00000, 131.00000, 630.00000, 585.00000, 304.00000,   1.01520,   0.31667,   0.21453,   0.83530,   0.90511,   0.57701,   0.69090,   0.69494,   1.85376,   0.57701,   3.87202,  32.81031,   0.32880,   0.29492
   2.00000, 188.00000, 544.00000, 582.00000, 595.00000, 247.00000,   0.93323,   0.27402,   0.24568,   0.76250,   1.05641,   0.21584,   0.61406,   0.82501,   2.02415,   0.21584,   5.06185,  50.16115,   0.36980,   0.14209
   2.00000, 188.00000, 551.00000, 611.00000, 590.00000, 271.00000,   1.02220,   0.23684,   0.45311,   0.58823,   1.64777,   0.21098,   0.55592,   0.47264,   2.03012,   0.21098,   5.11658,  52.13954,   0.65651,   0.14290
   2.00000, 188.00000, 559.00000, 587.00000, 593.00000, 254.00000,   0.90854,   0.18672,   0.44508,   0.47880,   2.73655,   0.10457,   0.66030,   0.30278,   1.71924,   0.10457,   0.65533,  11.46182,   0.60084,   0.09303
   2.00000, 188.00000,  79.00000, 534.00000, 590.00000, 255.00000,   0.81479,   0.12324,   0.12177,   1.18195,   0.27454,   1.10578,   0.43632,   2.97638,   3.03804,   1.10578,  48.32877, 655.28461,   0.22977,   0.27839
   2.00000, 188.00000, 652.00000, 540.00000, 589.00000, 274.00000,   0.84261,   0.10140,   0.19676,   0.96262,   0.51156,   0.54925,   0.33399,   1.63055,   3.43475,   0.54925,  26.48162, 417.96924,   0.30637,   0.20896
   2.00000, 188.00000, 660.00000, 551.00000, 589.00000, 261.00000,   0.86418,   0.10929,   0.09434,   1.33042,   0.24032,   1.92817,   0.33499,   2.65227,   3.61418,   1.92817,  33.81784, 471.50308,   0.24736,   0.39171
   2.00000, 188.00000,  55.00000, 493.00000, 592.00000, 261.00000,   0.70593,   0.08039,   0.11148,   1.10028,   0.29675,   0.19466,   0.26284,   3.27364,   4.62639,   0.19466,  11.76331, 420.75766,   0.20557,   0.16514
   2.00000, 188.00000,  87.00000, 550.00000, 589.00000, 257.00000,   0.77127,   0.09285,   0.20803,   0.85749,   0.79316,   0.25444,   0.41439,   1.11755,   2.82175,   0.25444,   7.38377, 119.95171,   0.31507,   0.16081
   2.00000, 188.00000, 110.00000, 527.00000, 592.00000, 261.00000,   0.71379,   0.09554,   0.23453,   0.79135,   0.81904,   0.20852,   0.44706,   1.10910,   2.62513,   0.20852,  12.98915, 212.24538,   0.36026,   0.12846
   2.00000, 188.00000, 439.00000, 545.00000, 589.00000, 282.00000,   0.82638,   0.06940,   0.04457,   1.48300,   0.09675,   0.49822,   0.16631,  10.10638,   8.00475,   0.49822, -82.00176,3578.81519,   0.09252,   0.37665
   2.00000, 188.00000, 447.00000, 587.00000, 590.00000, 269.00000,   0.77127,   0.05786,   0.18754,   0.90091,   0.60735,   0.64863,   0.44919,   1.23270,   2.55955,   0.64863,  19.99100, 297.51617,   0.30134,   0.28221
   2.00000, 188.00000, 455.00000, 580.00000, 590.00000, 273.00000,   0.78444,   0.07601,   0.06926,   1.30334,   0.25333,   2.21235,   0.26825,   2.71486,   4.24735,   2.21235,  -1.99975, 198.51692,   0.14498,   0.25534
   2.00000, 188.00000, 464.00000, 568.00000, 589.00000, 267.00000,   0.70706,   0.07624,   0.14076,   1.05398,   0.43810,   0.66879,   0.38797,   1.91575,   3.14096,   0.66879,  24.23261, 381.27924,   0.22530,   0.26567
   2.00000, 188.00000,  50.00000, 684.00000, 589.00000, 484.00000,   0.80087,   0.04377,   0.10718,   1.18441,   0.28420,   0.34162,   0.20075,   3.34742,   5.69495,   0.34162,  26.36831, 722.86847,   0.22000,   0.25763
   2.00000, 188.00000,  67.00000, 757.00000, 588.00000, 416.00000,   0.88238,   0.06593,   0.10269,   1.16047,   0.29151,   0.26785,   0.26410,   3.29525,   4.58547,   0.26785,  30.86446, 630.65924,   0.18203,   0.25594
   2.00000, 188.00000, 587.00000, 765.00000, 588.00000, 432.00000,   0.93211,   0.05519,   0.12429,   1.08488,   0.42035,   0.27185,   0.22310,   2.23837,   4.96143,   0.27185,  15.76838, 255.62386,   0.24225,   0.25661
   2.00000, 188.00000, 872.00000, 888.00000, 588.00000, 448.00000,   0.87874,   0.07814,   0.24519,   0.75387,   1.12205,   0.15491,   0.38534,   0.80575,   2.94158,   0.15491,   0.45140,  43.12954,   0.37490,   0.12450
   2.00000, 188.00000, 471.00000, 630.00000, 583.00000, 540.00000,   2.42870,   1.36740,   0.05420,   1.41493,   0.06225,   0.30805,   0.20541,  15.91823,   8.01647,   0.30805,-141.26846,6659.35449,   0.12081,   0.27397
   2.00000, 188.00000, 749.00000, 759.00000, 591.00000, 314.00000,   0.60686,   0.10521,   0.13781,   1.01235,   0.72391,   0.41347,   0.31575,   1.15976,   3.67535,   0.41347,   1.57500,  57.69915,   0.22194,   0.33455
   2.00000, 188.00000, 303.00000, 614.00000, 595.00000, 245.00000,   0.92199,   0.25658,   0.26573,   0.72852,   1.20822,   0.31989,   0.71190,   0.61240,   1.69851,   0.31989,   3.91847,  27.76800,   0.38189,   0.19764
   2.00000, 188.00000, 311.00000, 703.00000, 592.00000, 241.00000,   0.68008,   0.16768,   0.35341,   0.60639,   1.52032,   0.20308,   0.73154,   0.53241,   1.61375,   0.20308,   4.70895,  43.27354,   0.45173,   0.12267
   2.00000, 188.00000, 451.00000, 678.00000, 598.00000, 172.00000,   0.62562,   0.13868,   0.23976,   0.84271,   0.61984,   0.31531,   0.63390,   1.43676,   2.04715,   0.31531,  21.26708, 201.52460,   0.33839,   0.16279
   2.00000, 197.00000,  56.00000, 311.00000, 603.00000, 192.00000,   0.87370,   0.21881,   0.54335,   0.41010,   1.66525,   0.23923,   0.91134,   0.16471,   1.18170,   0.23923,   0.51676,   1.31998,   0.71964,   0.21017
   2.00000, 197.00000, 250.00000, 405.00000, 590.00000, 404.00000,   0.80969,   0.11489,   0.14636,   1.04928,   0.40688,   1.53670,   0.28462,   1.46765,   3.80756,   1.53670,   7.42058,  90.06093,   0.28397,   0.26822
   2.00000, 197.00000, 258.00000, 331.00000, 603.00000, 291.00000,   0.74696,   0.09629,   0.42594,   0.51337,   1.85330,   0.30198,   0.46348,   0.23482,   2.20167,   0.30198,   0.54958,   7.16559,   0.60706,   0.27951
   2.00000, 197.00000, 266.00000, 439.00000, 591.00000, 317.00000,   0.74880,   0.05207,   0.06853,   1.34391,   0.20050,   0.71536,   0.18546,   4.67898,   6.33847,   0.71536,  50.52277, 971.49847,   0.13549,   0.30886
   2.00000, 197.00000, 131.00000, 630.00000, 585.00000, 304.00000,   1.02130,   0.30227,   0.42757,   0.50630,   2.14477,   0.22837,   0.85893,   0.27035,   1.31257,   0.22837,   1.71910,  12.19596,   0.61265,   0.19445
   2.00000, 197.00000, 544.00000, 582.00000, 595.00000, 247.00000,   0.86706,   0.21501,   0.49155,   0.44496,   2.39988,   0.10380,   0.83440,   0.35601,   1.36343,   0.10380,   3.60512,  31.09538,   0.65049,   0.07115
   2.00000, 197.00000, 551.00000, 611.00000, 590.00000, 271.00000,   0.87583,   0.19123,   0.36393,   0.59599,   1.85731,   0.15008,   0.37573,   0.45367,   2.84805,   0.15008,   2.51322,  25.55538,   0.54293,   0.13141
   2.00000, 197.00000, 559.00000, 587.00000, 593.00000, 254.00000,   0.82876,   0.13068,   0.70288,   0.28363,   4.80615,   0.06558,   0.92515,   0.16744,   1.15440,   0.06558,   1.79846,  13.96667,   0.83092,   0.05810
   2.00000, 197.00000,  79.00000, 534.00000, 590.00000, 255.00000,   0.71120,   0.05446,   0.16379,   0.93299,   0.59106,   0.35481,   0.38089,   1.49874,   3.13281,   0.35481,   8.28734, 157.15462,   0.23605,   0.18984
   2.00000, 197.00000, 652.00000, 540.00000, 589.00000, 274.00000,   0.80465,   0.07899,   0.22538,   0.89163,   0.59279,   0.50381,   0.50990,   1.38898,   2.36801,   0.50381,  24.97115, 328.35461,   0.40299,   0.21422
   2.00000, 197.00000, 660.00000, 551.00000, 589.00000, 261.00000,   0.70934,   0.03825,   0.12121,   1.07711,   0.48567,   0.45118,   0.23719,   1.85508,   4.56895,   0.45118,   5.08237, 173.71848,   0.22938,   0.31885
   2.00000, 197.00000,  55.00000, 493.00000, 592.00000, 261.00000,   0.78536,   0.04637,   0.18493,   0.88199,   0.79668,   0.20560,   0.29848,   1.14505,   3.68916,   0.20560,   0.21993,  63.12931,   0.30622,   0.17562
   2.00000, 197.00000,  87.00000, 550.00000, 589.00000, 257.00000,   0.74771,   0.07303,   0.21392,   0.84753,   0.81825,   0.25078,   0.26041,   1.08235,   4.10666,   0.25078,   3.04115,  83.13115,   0.31324,   0.15752
   2.00000, 197.00000, 110.00000, 527.00000, 592.00000, 261.00000,   0.72705,   0.07595,   0.09697,   1.19961,   0.29406,   0.33450,   0.17550,   3.22947,   6.35859,   0.33450,  -6.82770, 511.03766,   0.18647,   0.26231
   2.00000, 197.00000, 439.00000, 545.00000, 589.00000, 282.00000,   0.83541,   0.07967,   0.12607,   1.15810,   0.31315,   1.00926,   0.37635,   2.57306,   3.29411,   1.00926,  47.48861, 737.90625,   0.23346,   0.28264
   2.00000, 197.00000, 447.00000, 587.00000, 590.00000, 269.00000,   0.90816,   0.04248,   0.05147,   1.44096,   0.20692,   0.92709,   0.17033,   4.41374,   6.51119,   0.92709,  10.64945, 751.01227,   0.13860,   0.46805
   2.00000, 197.00000, 455.00000, 580.00000, 590.00000, 273.00000,   0.86288,   0.05879,   0.12489,   1.08651,   0.50195,   0.79186,   0.31528,   1.53654,   3.58101,   0.79186,   4.90473, 121.47923,   0.22818,   0.29717
   2.00000, 197.00000, 464.00000, 568.00000, 589.00000, 267.00000,   0.76912,   0.03039,   0.15299,   0.97819,   0.65026,   0.52325,   0.31232,   1.23762,   3.48375,   0.52325,   7.45662, 146.42416,   0.28596,   0.32255
   2.00000, 197.00000,  50.00000, 684.00000, 589.00000, 484.00000,   0.76656,   0.04981,   0.08298,   1.24151,   0.18647,   0.26559,   0.11628,   5.23744,   9.29081,   0.26559,  21.28492,1117.81543,   0.15784,   0.23294
   2.00000, 197.00000,  67.00000, 757.00000, 588.00000, 416.00000,   1.03330,   0.10554,   0.05048,   1.41332,   0.10234,   0.33078,   0.17607,   9.63222,   7.21835,   0.33078,  72.30262,3359.83838,   0.10025,   0.31765
   2.00000, 197.00000, 587.00000, 765.00000, 588.00000, 432.00000,   1.05730,   0.15882,   0.04586,   1.43339,   0.06871,   0.24689,   0.16378,  14.43715,   8.57339,   0.24689, -45.06484,6178.75342,   0.07712,   0.24438
   2.00000, 197.00000, 872.00000, 888.00000, 588.00000, 448.00000,   0.85165,   0.06005,   0.26153,   0.75601,   0.95451,   0.11946,   0.30946,   0.98428,   3.65268,   0.11946,  -5.51327,  49.03131,   0.44692,   0.11481
   2.00000, 197.00000, 471.00000, 630.00000, 583.00000, 540.00000,   2.15470,   1.38700,   0.08091,   1.32815,   0.06377,   0.36137,   0.25551,  15.54438,   6.47431,   0.36137, 125.97770,5975.83105,   0.22404,   0.29511
   2.00000, 197.00000, 749.00000, 759.00000, 591.00000, 314.00000,   0.59835,   0.11188,   0.03961,   1.54305,   0.17439,   2.88848,   0.20830,   3.88713,   6.08988,   2.88848,  -3.94246, 422.20380,   0.08224,   0.36573
   2.00000, 197.00000, 303.00000, 614.00000, 595.00000, 245.00000,   0.97529,   0.30739,   0.42895,   0.50413,   2.21292,   0.20341,   0.83764,   0.29759,   1.34968,   0.20341,   1.88159,  13.62208,   0.60220,   0.15006
   2.00000, 197.00000, 311.00000, 703.00000, 592.00000, 241.00000,   0.73112,   0.23491,   0.30004,   0.70070,   1.06954,   0.30075,   0.66604,   0.74700,   1.81258,   0.30075,   8.03173,  81.97700,   0.40555,   0.14320
   2.00000, 197.00000, 451.00000, 678.00000, 598.00000, 172.00000,   0.70931,   0.18372,   0.88730,   0.14596,   6.28372,   0.07925,   0.97787,   0.08509,   1.05196,   0.07925,   1.03788,   7.02281,   0.94157,   0.03869
   2.00000, 199.00000,  56.00000, 311.00000, 603.00000, 192.00000,   1.57310,   0.19369,   0.79587,   0.20793,   2.03715,   0.14202,   0.98147,   0.08068,   1.06731,   0.14202,   0.37304,   1.57338,   0.88901,   0.09565
   2.00000, 199.00000, 250.00000, 405.00000, 590.00000, 404.00000,   1.27350,   0.07639,   0.04112,   1.54075,   0.13075,   2.11152,   0.16836,   6.60675,   6.61283,   2.11152,  78.98092,1526.83069,   0.07603,   0.35653
   2.00000, 199.00000, 258.00000, 331.00000, 603.00000, 291.00000,   1.34160,   0.09496,   0.40491,   0.53605,   2.01282,   0.31595,   0.39955,   0.26151,   2.76278,   0.31595,  -0.29060,   6.28956,   0.57810,   0.28913
   2.00000, 199.00000, 266.00000, 439.00000, 591.00000, 317.00000,   1.26210,   0.06307,   0.07182,   1.30871,   0.12388,   0.36001,   0.22938,   7.90324,   6.11457,   0.36001,  21.85369,2216.96924,   0.14897,   0.28581
   2.00000, 199.00000, 131.00000, 630.00000, 585.00000, 304.00000,   1.47370,   0.24734,   0.60290,   0.38433,   2.92605,   0.16442,   0.91224,   0.20455,   1.19431,   0.16442,   1.55114,   9.42885,   0.76527,   0.12142
   2.00000, 199.00000, 544.00000, 582.00000, 595.00000, 247.00000,   1.45240,   0.19427,   0.78317,   0.22153,   6.42287,   0.06157,   0.95068,   0.11333,   1.10206,   0.06157,   1.10563,   7.24827,   0.88183,   0.04899
   2.00000, 199.00000, 551.00000, 611.00000, 590.00000, 271.00000,   1.45930,   0.18056,   0.43523,   0.43457,   2.93825,   0.09170,   0.76553,   0.28616,   1.46910,   0.09170,   1.03536,  12.09449,   0.50999,   0.06966
   2.00000, 199.00000, 559.00000, 587.00000, 593.00000, 254.00000,   1.42000,   0.13796,   0.43038,   0.44455,   2.90833,   0.07964,   0.76351,   0.29812,   1.47771,   0.07964,   1.13260,  11.08087,   0.50876,   0.06970
   2.00000, 199.00000,  79.00000, 534.00000, 590.00000, 255.00000,   1.19910,   0.04760,   0.07050,   1.37838,   0.14254,   0.50870,   0.14561,   6.81153,   8.07792,   0.50870, -25.53485,2117.19238,   0.18838,   0.37568
   2.00000, 199.00000, 652.00000, 540.00000, 589.00000, 274.00000,   1.34010,   0.06013,   0.08257,   1.24583,   0.24775,   0.38336,   0.27037,   3.84691,   4.62573,   0.38336,  24.48669, 630.67542,   0.16728,   0.27990
   2.00000, 199.00000, 660.00000, 551.00000, 589.00000, 261.00000,   1.25230,   0.04758,   0.12010,   1.25669,   0.16161,   0.45404,   0.15245,   6.00783,   7.27354,   0.45404, 101.84577,1937.06177,   0.30773,   0.33094
   2.00000, 199.00000,  55.00000, 493.00000, 592.00000, 261.00000,   1.33740,   0.06175,   0.08539,   1.21071,   0.19572,   0.25140,   0.20709,   4.98442,   5.75187,   0.25140,  18.11985, 813.43622,   0.14275,   0.21691
   2.00000, 199.00000,  87.00000, 550.00000, 589.00000, 257.00000,   1.28350,   0.07598,   0.14415,   1.01305,   0.44074,   0.17856,   0.23541,   2.18032,   4.75165,   0.17856,   7.29210, 221.67076,   0.26222,   0.16868
   2.00000, 199.00000, 110.00000, 527.00000, 592.00000, 261.00000,   1.29550,   0.06395,   0.09040,   1.20315,   0.19296,   0.23835,   0.15729,   5.06793,   7.39488,   0.23835, -49.46484,1092.29224,   0.16952,   0.21776
   2.00000, 199.00000, 439.00000, 545.00000, 589.00000, 282.00000,   1.34770,   0.05963,   0.08078,   1.33955,   0.18062,   0.73344,   0.18570,   5.15755,   6.11062,   0.73344,  69.58200,1165.46924,   0.19340,   0.32240
   2.00000, 199.00000, 447.00000, 587.00000, 590.00000, 269.00000,   1.40110,   0.04040,   0.06233,   1.35214,   0.18803,   0.58878,   0.22218,   5.08563,   5.58445,   0.58878,   9.14388, 924.96155,   0.16299,   0.41889
   2.00000, 199.00000, 455.00000, 580.00000, 590.00000, 273.00000,   1.46870,   0.05503,   0.06543,   1.32359,   0.28587,   1.25602,   0.15848,   2.97246,   6.63993,   1.25602, -12.56831, 411.16229,   0.11685,   0.36464
   2.00000, 199.00000, 464.00000, 568.00000, 589.00000, 267.00000,   1.33690,   0.05855,   0.03584,   1.55058,   0.07293,   0.62066,   0.26022,  13.45777,   6.36632,   0.62066,  93.85738,5358.91455,   0.07135,   0.42148
   2.00000, 199.00000,  50.00000, 684.00000, 589.00000, 484.00000,   1.28310,   0.06508,   0.08946,   1.20859,   0.15550,   0.18966,   0.21077,   6.34565,   5.91819,   0.18966,  70.01992,2004.83069,   0.15552,   0.18705
   2.00000, 199.00000,  67.00000, 757.00000, 588.00000, 416.00000,   1.42130,   0.04698,   0.07697,   1.28832,   0.17400,   0.33017,   0.12057,   5.60191,   9.22375,   0.33017, -43.17477,1519.96936,   0.16386,   0.29738
   2.00000, 199.00000, 587.00000, 765.00000, 588.00000, 432.00000,   1.40750,   0.08480,   0.06581,   1.32895,   0.08245,   0.24177,   0.20664,  12.01215,   6.78412,   0.24177,  71.74162,3826.53076,   0.13328,   0.23135
   2.00000, 199.00000, 872.00000, 888.00000, 588.00000, 448.00000,   1.27690,   0.06014,   0.09576,   1.22056,   0.17162,   0.21923,   0.15676,   5.72359,   7.20116,   0.21923,  74.96493,1725.02319,   0.19388,   0.21166
   2.00000, 199.00000, 471.00000, 630.00000, 583.00000, 540.00000,   2.10060,   0.82494,   0.09514,   1.29969,   0.06222,   0.28840,   0.30074,  15.96723,   5.87511,   0.28840, 267.83615,7501.02344,   0.26261,   0.25010
   2.00000, 199.00000, 749.00000, 759.00000, 591.00000, 314.00000,   1.21730,   0.08114,   0.08610,   1.24605,   0.38350,   1.10062,   0.24032,   1.92464,   4.81649,   1.10062,   1.32983, 178.49692,   0.19589,   0.35030
   2.00000, 199.00000, 303.00000, 614.00000, 595.00000, 245.00000,   1.47190,   0.21656,   0.58103,   0.41099,   2.41100,   0.20695,   0.90838,   0.22225,   1.20527,   0.20695,   1.60607,   9.47462,   0.75022,   0.13330
   2.00000, 199.00000, 311.00000, 703.00000, 592.00000, 241.00000,   1.27010,   0.17312,   0.82434,   0.19673,   6.35522,   0.06729,   0.96298,   0.10844,   1.08208,   0.06729,   1.39832,  11.59802,   0.90645,   0.04830
   2.00000, 199.00000, 451.00000, 678.00000, 598.00000, 172.00000,   1.29140,   0.19095,   0.48822,   0.54609,   1.51128,   0.23737,   0.56819,   0.50680,   1.96371,   0.23737,   7.79066,  94.88486,   0.68096,   0.12305
   2.00000, 200.00000,  56.00000, 311.00000, 603.00000, 192.00000,   0.91709,   0.23720,   0.32136,   0.57595,   0.68445,   0.58703,   0.88317,   0.25989,   1.43994,   0.58703,   0.44404,   2.48320,   0.42004,   0.47926
   2.00000, 200.00000, 250.00000, 405.00000, 590.00000, 404.00000,   0.83928,   0.19975,   0.21811,   0.83024,   0.52967,   0.99412,   0.47066,   0.70603,   2.42052,   0.99412,   2.44557,  20.97561,   0.34131,   0.30810
   2.00000, 200.00000, 258.00000, 331.00000, 603.00000, 291.00000,   0.78513,   0.12738,   0.35928,   0.56899,   2.07332,   0.37098,   0.51109,   0.31349,   2.04172,   0.37098,  -0.39588,   5.59704,   0.51564,   0.33117
   2.00000, 200.00000, 266.00000, 439.00000, 591.00000, 317.00000,   0.81750,   0.07666,   0.04266,   1.51342,   0.11781,   1.41075,   0.17491,   7.91912,   6.80321,   1.41075,  42.70315,2141.81543,   0.08553,   0.29181
   2.00000, 200.00000, 131.00000, 630.00000, 585.00000, 304.00000,   1.00680,   0.38885,   0.28229,   0.70529,   1.14525,   0.42928,   0.74435,   0.53489,   1.64112,   0.42928,   4.35005,  45.05853,   0.37259,   0.23142
   2.00000, 200.00000, 544.00000, 582.00000, 595.00000, 247.00000,   0.87172,   0.20394,   0.80669,   0.20973,   5.78009,   0.06982,   0.95573,   0.12441,   1.09482,   0.06982,   1.68669,  14.44439,   0.89600,   0.04394
   2.00000, 200.00000, 551.00000, 611.00000, 590.00000, 271.00000,   0.91230,   0.16447,   0.52630,   0.48524,   2.54992,   0.15410,   0.53368,   0.29286,   2.05701,   0.15410,   2.27533,  27.38169,   0.71324,   0.12567
   2.00000, 200.00000, 559.00000, 587.00000, 593.00000, 254.00000,   0.88695,   0.14809,   0.68534,   0.28752,   5.17423,   0.06994,   0.92387,   0.14730,   1.15629,   0.06994,   1.00480,   4.62432,   0.81848,   0.06318
   2.00000, 200.00000,  79.00000, 534.00000, 590.00000, 255.00000,   0.68572,   0.04431,   0.10693,   1.13479,   0.44870,   0.51285,   0.28594,   1.94871,   3.99444,   0.51285,   8.43121, 196.97537,   0.18477,   0.33353
   2.00000, 200.00000, 652.00000, 540.00000, 589.00000, 274.00000,   0.84003,   0.13284,   0.19724,   0.94372,   0.46959,   0.41752,   0.40215,   1.90599,   2.98175,   0.41752,  30.24923, 394.53464,   0.31118,   0.17902
   2.00000, 200.00000, 660.00000, 551.00000, 589.00000, 261.00000,   0.78857,   0.05704,   0.18521,   0.91754,   0.67225,   0.38543,   0.27500,   1.29258,   3.93222,   0.38543,  10.77995, 237.41539,   0.33939,   0.24581
   2.00000, 200.00000,  55.00000, 493.00000, 592.00000, 261.00000,   0.74675,   0.06304,   0.18131,   0.87731,   0.76634,   0.17272,   0.22891,   1.21572,   4.63048,   0.17272,   1.72648,  68.10100,   0.26238,   0.16254
   2.00000, 200.00000,  87.00000, 550.00000, 589.00000, 257.00000,   0.74794,   0.10781,   0.16146,   0.97799,   0.52622,   0.25829,   0.26736,   1.76378,   4.22499,   0.25829,   3.52435, 171.35847,   0.26346,   0.17355
   2.00000, 200.00000, 110.00000, 527.00000, 592.00000, 261.00000,   0.70797,   0.08400,   0.19991,   0.86673,   0.83225,   0.23433,   0.32521,   1.07261,   3.45853,   0.23433,   0.05586,  64.53522,   0.30691,   0.17209
   2.00000, 200.00000, 439.00000, 545.00000, 589.00000, 282.00000,   0.91539,   0.16218,   0.16399,   1.08865,   0.31864,   0.80630,   0.42168,   2.67322,   2.97658,   0.80630,  56.85984, 761.02234,   0.31334,   0.24928
   2.00000, 200.00000, 447.00000, 587.00000, 590.00000, 269.00000,   0.89991,   0.05576,   0.21469,   0.84288,   0.68758,   0.56024,   0.42137,   1.11424,   2.64729,   0.56024,  20.84000, 321.48230,   0.31284,   0.25842
   2.00000, 200.00000, 455.00000, 580.00000, 590.00000, 273.00000,   0.87397,   0.05978,   0.12930,   1.07635,   0.59846,   0.64539,   0.28217,   1.23782,   3.93076,   0.64539,  -0.85474,  68.50947,   0.26867,   0.33471
   2.00000, 200.00000, 464.00000, 568.00000, 589.00000, 267.00000,   0.81820,   0.03765,   0.12589,   1.05761,   0.57029,   0.54553,   0.28284,   1.46930,   3.84240,   0.54553,  13.74666, 251.57228,   0.22987,   0.39142
   2.00000, 200.00000,  50.00000, 684.00000, 589.00000, 484.00000,   0.70261,   0.09776,   0.07986,   1.23412,   0.14672,   0.15722,   0.14855,   6.74322,   7.76199,   0.15722,  36.24969,1854.04602,   0.12488,   0.15721
   2.00000, 200.00000,  67.00000, 757.00000, 588.00000, 416.00000,   0.96591,   0.05218,   0.10431,   1.20511,   0.29012,   0.36936,   0.14509,   3.25745,   7.47552,   0.36936, -29.01616, 527.38538,   0.25267,   0.32486
   2.00000, 200.00000, 587.00000, 765.00000, 588.00000, 432.00000,   0.97874,   0.10875,   0.07284,   1.31505,   0.13156,   0.24646,   0.15656,   7.48090,   7.98498,   0.24646, -75.81646,2306.83838,   0.16280,   0.24372
   2.00000, 200.00000, 872.00000, 888.00000, 588.00000, 448.00000,   0.86448,   0.10499,   0.08559,   1.22110,   0.19886,   0.22528,   0.17115,   4.91708,   6.64260,   0.22528,  31.31923,1063.01550,   0.14485,   0.21063
   2.00000, 200.00000, 471.00000, 630.00000, 583.00000, 540.00000,   1.97970,   1.07630,   0.05279,   1.41017,   0.06745,   0.41360,   0.22732,  14.67746,   7.21335,   0.41360,  -8.91207,5947.51611,   0.13397,   0.33800
   2.00000, 200.00000, 749.00000, 759.00000, 591.00000, 314.00000,   0.59901,   0.11521,   0.04334,   1.52959,   0.19904,   1.92421,   0.21251,   3.78905,   5.67232,   1.92421,  16.73354, 600.05530,   0.10428,   0.37884
   2.00000, 200.00000, 303.00000, 614.00000, 595.00000, 245.00000,   0.88946,   0.33383,   0.84597,   0.18430,   5.51199,   0.08835,   0.96928,   0.10525,   1.07015,   0.08835,   1.35175,   9.95278,   0.91887,   0.04862
   2.00000, 200.00000, 311.00000, 703.00000, 592.00000, 241.00000,   0.60693,   0.18160,   0.58381,   0.45112,   1.98405,   0.23674,   0.56486,   0.31646,   1.94225,   0.23674,   3.67222,  44.73223,   0.75538,   0.12469
   2.00000, 200.00000, 451.00000, 678.00000, 598.00000, 172.00000,   0.62055,   0.20242,   0.41664,   0.57095,   1.29287,   0.30065,   0.80817,   0.56973,   1.44547,   0.30065,   8.14909,  75.06561,   0.59290,   0.13387
